{"type": "Topology", "transform": {"scale": [0.0005259715925207424, 0.00043289358342934705], "translate": [122.94015612240719, 24.045871946033515]}, "arcs": [[[33506, 33106], [17, 88], [26, 58]], [[33549, 33252], [64, 33]], [[33333, 32817], [1, 45], [46, 27], [-9, 45], [53, 16], [20, 36], [-17, 56]], [[33427, 33042], [79, 64]], [[33621, 33832], [-32, 27], [56, 136], [-63, 50], [-9, 98], [-114, 104], [16, 41]], [[33282, 32535], [1, 31]], [[32967, 32181], [18, 70], [-24, 50], [1, 63]], [[32962, 32364], [128, -6], [58, 9], [81, 53], [0, 52], [53, 63]], [[33283, 32566], [2, 3]], [[33285, 32569], [39, 28], [24, 58], [-21, 107], [6, 55]], [[33613, 33285], [1, 1]], [[33614, 33286], [-43, 74], [-45, 18], [-38, 106], [47, 63], [-17, 60], [-61, 92], [17, 36]], [[33474, 33735], [83, -36], [23, 15], [41, 118]], [[32485, 33498], [-44, -13], [-131, -85], [-17, -126], [17, -38], [-38, -53], [6, -101], [-42, -83], [-39, -33]], [[32197, 32966], [-111, 91], [-51, -17], [-108, 53], [-51, 83], [27, 100], [-16, 48], [17, 57], [-53, 24], [-100, 10], [-85, 37], [-91, 60]], [[31575, 33512], [118, 267], [169, 145], [17, 43], [74, 58], [29, 58]], [[31982, 34083], [118, 40]], [[32100, 34123], [-9, -56], [96, -76], [37, 59], [-42, 64], [5, 30]], [[32187, 34144], [50, -23], [100, -120], [87, -40], [10, -52], [-25, -40], [-5, -103], [24, -57], [-14, -50], [57, -63], [14, -98]], [[33475, 34288], [-22, 27], [-78, -4]], [[33375, 34311], [-4, 8]], [[33371, 34319], [-58, 42], [-23, 58]], [[33290, 34419], [3, 60], [-37, 47], [-109, 9], [-25, 66], [-61, 24]], [[33061, 34625], [-35, -49], [-93, 49], [-66, -18], [-51, 20], [1, 55], [-95, -24]], [[32722, 34658], [-92, 79], [-76, 22]], [[32554, 34759], [0, 94]], [[32554, 34853], [-104, -24], [-26, -41], [-88, 27], [-149, 3]], [[33285, 32569], [-152, 31], [-105, 37], [-13, 35], [-105, -25], [-18, 74], [-56, 0], [-48, 28]], [[32788, 32749], [-11, 1]], [[32777, 32750], [66, 58], [-10, 60], [81, -13], [47, 21], [14, 80]], [[32975, 32956], [53, 67]], [[33028, 33023], [38, -37], [164, -30], [55, 61], [44, -4], [85, 35]], [[33414, 33048], [13, -6]], [[32943, 32044], [5, -100], [-15, -92], [70, -61], [-32, -23], [-85, -119]], [[32886, 31649], [-124, 22]], [[32762, 31671], [-49, -8], [-36, -43], [-48, 8], [-29, 48], [-94, 23], [-85, -22]], [[32421, 31677], [-62, 85], [-4, 45], [-39, 31]], [[32316, 31838], [3, 88], [20, 19]], [[32339, 31945], [58, 49], [50, 4], [53, 52], [0, 46], [63, 66], [84, 16]], [[32647, 32178], [93, -30], [8, -54], [43, -14], [14, -75], [33, -10], [35, 47], [70, 2]], [[31982, 34083], [30, 74], [62, 224], [57, 129]], [[32131, 34510], [51, -11], [18, 48], [89, -35], [121, 48], [48, 4], [53, 141], [43, 54]], [[32722, 34658], [-69, -56], [-6, -92], [68, -35], [-48, -104], [-3, -119]], [[32664, 34252], [-53, -23], [-9, -48], [56, -50]], [[32658, 34131], [-77, -15], [12, -35], [-97, -51]], [[32496, 34030], [-25, 38], [-129, 93], [-26, 91], [-135, -35], [-4, -67]], [[32177, 34150], [-77, -27]], [[33375, 34311], [-17, -83], [-66, -47], [-61, -91], [12, -18], [-68, -101]], [[33175, 33971], [-144, -85], [-21, -32], [-79, -7]], [[32931, 33847], [-7, 45], [-52, 14], [-61, -19]], [[32811, 33887], [34, 115]], [[32845, 34002], [102, 27], [-15, 33], [98, 99], [-39, 16]], [[32991, 34177], [3, 18]], [[32994, 34195], [177, -6], [31, 42], [169, 88]], [[32831, 33466], [54, -38], [34, -103]], [[32919, 33325], [12, -108], [55, -71], [61, -44]], [[33047, 33102], [-29, -70]], [[33018, 33032], [-108, 10], [-52, -17]], [[32858, 33025], [6, 34], [-34, 83], [-50, 16]], [[32780, 33158], [36, 80], [-39, 62], [16, 34], [-71, 88]], [[32722, 33422], [54, 49], [55, -5]], [[32962, 32364], [-83, 61]], [[32879, 32425], [-44, 65], [-16, 167], [-31, 92]], [[32831, 33466], [51, 41], [11, 41]], [[32893, 33548], [10, 3]], [[32903, 33551], [62, -6], [67, 27], [27, -36], [75, -29], [69, 43]], [[33203, 33550], [64, -43], [-14, -62], [59, -48], [0, -37]], [[33312, 33360], [-55, -39], [-150, 1], [-15, -35]], [[33092, 33287], [-108, 32], [-65, 6]], [[32276, 32804], [53, -37], [-7, -50], [70, -67]], [[32392, 32650], [70, -11], [72, -46], [-3, -23], [113, -37]], [[32644, 32533], [-41, -116], [-34, -32]], [[32569, 32385], [-78, -52]], [[32491, 32333], [-27, 85], [-58, 26], [-58, -11], [-106, 49]], [[32242, 32482], [-37, 143], [-3, 71], [41, 39], [33, 69]], [[33028, 33023], [-10, 9]], [[33047, 33102], [22, 57]], [[33069, 33159], [131, -12], [44, 22], [143, -118], [27, -3]], [[33069, 33159], [24, 70], [-1, 58]], [[33312, 33360], [103, -9], [27, -60], [46, 4], [61, -43]], [[33203, 33550], [-37, 46], [-34, 115], [-97, 19]], [[33035, 33730], [18, 72], [94, 15], [50, 42], [46, 2], [66, 40]], [[33309, 33901], [22, -56], [64, 0], [65, -27], [14, -83]], [[32879, 32425], [-146, -146], [-58, 9]], [[32675, 32288], [-106, 97]], [[32644, 32533], [70, 100], [50, 116]], [[32764, 32749], [13, 1]], [[32764, 32749], [-37, 46]], [[32727, 32795], [33, 95], [45, 20], [8, 82]], [[32813, 32992], [10, 3]], [[32823, 32995], [41, -51], [77, 23], [34, -11]], [[32823, 32995], [35, 30]], [[32485, 33498], [18, -33]], [[32503, 33465], [-2, -62], [29, -22], [89, 29], [35, -35], [68, 47]], [[32780, 33158], [-78, 18], [-98, -3], [-51, -59], [-81, 54], [-27, -55], [10, -99], [-106, -69], [-19, -79]], [[32330, 32866], [-44, -24]], [[32286, 32842], [-41, 30]], [[32245, 32872], [-2, 40], [-46, 54]], [[32276, 32804], [10, 38]], [[32330, 32866], [50, -2], [84, 97], [26, -36], [47, 49], [51, -11], [47, 70], [87, 35], [88, -28], [3, -48]], [[32727, 32795], [-54, 33], [-58, -26], [-44, 49], [-112, -55], [-67, -146]], [[32903, 33551], [56, 77], [51, 27], [-5, 61], [30, 14]], [[32994, 34195], [-24, 62], [26, 83], [-8, 51], [55, 52], [71, 19], [114, -37], [62, -6]], [[33309, 33901], [-25, 43], [-79, 3], [-30, 24]], [[32893, 33548], [-4, 58], [21, 61], [-31, 30], [46, 44], [-18, 27], [24, 79]], [[32991, 34177], [-99, -3], [-53, 62], [-175, 16]], [[32503, 33465], [60, 9], [86, 108], [-3, 75]], [[32646, 33657], [47, -4], [110, 87], [-7, 57], [15, 90]], [[32845, 34002], [-20, 55], [-43, 10], [-27, 42], [-44, -22], [-53, 44]], [[32646, 33657], [-89, 56], [-61, 90], [46, 109], [-19, 10], [-27, 108]], [[32967, 32181], [-16, -24], [15, -76], [-23, -37]], [[32647, 32178], [43, 75], [-15, 35]], [[32339, 31945], [-20, 25], [7, 88], [37, 146], [27, 46], [69, 5], [44, 38], [-12, 40]], [[32242, 32482], [-23, -47], [46, -48], [23, -124], [-46, -68], [-80, -13], [3, -52], [-23, -65], [-34, -3], [-42, -52], [8, -32], [-62, -24], [-87, -110]], [[31925, 31844], [-30, 37], [-1, 17], [-18, 4], [-48, -21]], [[31828, 31881], [-98, 108]], [[31730, 31989], [-8, 57]], [[31722, 32046], [27, 38], [0, 114], [29, 28], [6, 95], [67, 45], [-39, 46], [38, 84], [-14, 107]], [[31836, 32603], [-5, 23], [59, 86], [85, -32], [44, 3], [150, 85], [31, 71], [45, 33]], [[32316, 31838], [-23, -33], [-86, -9], [-46, 36], [-98, -45], [-42, 60], [-78, -28], [-18, 25]], [[32177, 34150], [10, -6]], [[32131, 34510], [51, 155], [24, 103], [-19, 50]]], "objects": {"pref_6": {"type": "GeometryCollection", "geometries": [{"arcs": [[13, 14, 15, 16, 17, 18]], "type": "Polygon", "properties": {"N03_001": "山形県", "N03_002": null, "N03_003": null, "N03_004": "鶴岡市", "N03_007": "06203", "N03_EN": "TSURUOKA SHI"}}, {"arcs": [[-3, -10, 27, 28, 29, 30, 31, 32]], "type": "Polygon", "properties": {"N03_001": "山形県", "N03_002": null, "N03_003": null, "N03_004": "山形市", "N03_007": "06201", "N03_EN": "YAMAGATA SHI"}}, {"arcs": [[33, 34, 35, 36, 37, 38, 39]], "type": "Polygon", "properties": {"N03_001": "山形県", "N03_002": null, "N03_003": null, "N03_004": "米沢市", "N03_007": "06202", "N03_EN": "YONEZAWA SHI"}}, {"arcs": [[-17, 40, 41, -25, 42, 43, 44, 45, 46]], "type": "Polygon", "properties": {"N03_001": "山形県", "N03_002": null, "N03_003": null, "N03_004": "酒田市", "N03_007": "06204", "N03_EN": "SAKATA SHI"}}, {"arcs": [[-21, 47, 48, 49, 50, 51, 52, 53]], "type": "Polygon", "properties": {"N03_001": "山形県", "N03_002": null, "N03_003": null, "N03_004": "新庄市", "N03_007": "06205",