{"type": "Topology", "transform": {"scale": [0.0005259715925207424, 0.00043289358342934705], "translate": [122.94015612240719, 24.045871946033515]}, "arcs": [[[25879, 27972], [-76, -20], [-38, 28]], [[25765, 27980], [-52, -47], [-46, -1]], [[25667, 27932], [-59, 80], [-35, -11], [-89, 13], [-28, 67]], [[25456, 28081], [6, 64], [-58, 64], [-64, 27], [-43, 57]], [[26264, 27814], [-74, -10], [-78, -34], [-30, 5]], [[26082, 27775], [-31, 66], [-52, 24], [-22, 45], [-98, 62]], [[25343, 27855], [43, -58], [-11, -53], [53, -34], [50, 27], [50, -45], [33, 31], [90, -8]], [[25651, 27715], [49, -63]], [[25700, 27652], [-17, -71], [29, -122], [-6, -28]], [[25706, 27431], [-103, 66], [-92, -4], [-47, -43]], [[25464, 27450], [-31, 80], [-149, 46], [-45, -7], [-67, 33], [-47, -5]], [[25125, 27597], [-112, 31], [-62, 51], [-58, -71], [-59, -25], [-72, 26]], [[24762, 27609], [88, 82], [48, 160], [36, 59], [73, 58], [13, 46]], [[25020, 28014], [118, -33], [30, -58], [38, -28], [86, -2], [51, -38]], [[25116, 26915], [-30, -63], [25, -17], [56, -156], [-21, -29], [-102, -21], [-13, -103]], [[25031, 26526], [-43, 27], [-26, -33], [-82, 8]], [[24880, 26528], [0, 131], [-32, 0], [-1, 104], [-20, 48], [28, 30], [-15, 150], [-77, 0]], [[24763, 26991], [31, 7], [74, 71], [20, -25], [20, -126], [-28, -45], [42, -51], [45, 9], [12, 99], [38, 52], [0, 90]], [[25017, 27072], [27, 1], [72, -157]], [[25116, 26916], [0, -1]], [[24479, 26625], [55, -52], [1, -144], [-66, -48], [18, -35], [75, -43], [-11, -48]], [[24551, 26255], [-81, -5], [-38, -52]], [[24432, 26198], [-67, 59], [-80, -7], [-59, 22], [-32, -20], [-64, 38], [-31, -28], [-51, 36], [111, 46], [-4, 66]], [[24155, 26410], [29, 31], [60, -10], [87, 16], [27, 87], [-117, 38], [47, 49], [40, 3], [43, -66], [57, -26], [86, 10], [-35, 83]], [[26264, 27814], [19, -43]], [[26283, 27771], [-55, -46], [-16, -121], [43, -11], [6, -79], [69, -18], [-10, -48], [57, -39], [35, -124], [-57, -31], [-24, -103]], [[26331, 27151], [-67, 23], [-57, -3], [-27, -37], [-84, -16]], [[26096, 27118], [-25, 32], [-79, -23], [-23, 22], [-51, -47], [-89, 23], [-22, -60]], [[25807, 27065], [-99, 38], [-87, 9]], [[25621, 27112], [29, 36], [-15, 80], [31, 104], [-14, 43], [54, 56]], [[25700, 27652], [25, 26], [100, -22], [39, -25], [126, 73], [92, 71]], [[25651, 27715], [12, 74], [-65, 55], [-21, 59]], [[25577, 27903], [90, 29]], [[25464, 27450], [-46, 32], [-112, -3], [-49, -24], [-171, 4]], [[25086, 27459], [-15, 17], [54, 121]], [[25456, 28081], [-83, -63], [-133, 41], [-67, 1], [-11, 67], [37, 28], [-21, 55]], [[25178, 28210], [119, 83]], [[25464, 27450], [-42, -96], [-105, -104]], [[25317, 27250], [-61, 32], [-80, 1], [-90, -107], [-16, 76], [-135, 17], [-68, 66]], [[24867, 27335], [1, 36], [53, 52], [76, 14], [72, -17], [17, 39]], [[25577, 27903], [-133, -51], [-72, 39], [-29, -36]], [[25020, 28014], [61, 95], [-16, 83], [113, 18]], [[25621, 27112], [-75, 29], [-37, -19]], [[25509, 27122], [-32, 83], [-40, -11], [-117, 17], [-3, 39]], [[25017, 27072], [3, 32], [-56, 106], [-113, 110]], [[24851, 27320], [16, 15]], [[25509, 27122], [-56, -27], [-18, -56], [17, -45], [-67, -109], [-21, -59]], [[25364, 26826], [-88, 55], [-69, 16], [-25, 33], [-66, -14]], [[24851, 27320], [-26, 28], [-1, 118], [-75, 106], [13, 37]], [[24880, 26528], [-37, -87], [-84, 22], [-30, 44]], [[24729, 26507], [14, 13], [-27, 111], [-160, 78], [-41, 61], [-37, 18]], [[24478, 26788], [59, -16], [46, -62], [55, 36], [28, -34], [137, 78], [-36, 38], [20, 63], [-34, 35], [10, 65]], [[24074, 26492], [7, -55]], [[24081, 26437], [-2, -15]], [[24079, 26422], [-19, -36], [-207, -45]], [[23853, 26341], [-30, 13]], [[23823, 26354], [-23, 34], [34, 48], [-50, 71], [20, 64], [50, 22]], [[23854, 26593], [60, -19], [-21, -101], [55, -39], [74, 10], [52, 48]], [[24432, 26198], [-42, -71]], [[24390, 26127], [-94, -2], [-35, -27], [-111, 54], [-205, 24]], [[23945, 26176], [-14, 95], [-78, 70]], [[24079, 26422], [76, -12]], [[24074, 26492], [62, 11], [-12, -62], [-43, -4]], [[24479, 26625], [46, -20], [34, 43], [-8, 50], [-73, 90]], [[24729, 26507], [-59, -116], [-3, -88], [-45, -67], [-50, -20], [-21, 39]]], "objects": {"pref_18": {"type": "GeometryCollection", "geometries": [{"arcs": [[6, 7, 8, 9, 10, 11, 12, 13]], "type": "Polygon", "properties": {"N03_001": "福井県", "N03_002": null, "N03_003": null, "N03_004": "福井市", "N03_007": "18201", "N03_EN": "FUKUI SHI"}}, {"arcs": [[14, 15, 16, 17, 18, 19]], "type": "Polygon", "properties": {"N03_001": "福井県", "N03_002": null, "N03_003": null, "N03_004": "敦賀市", "N03_007": "18202", "N03_EN": "TSURUGA SHI"}}, {"arcs": [[20, 21, 22, 23]], "type": "Polygon", "properties": {"N03_001": "福井県", "N03_002": null, "N03_003": null, "N03_004": "小浜市", "N03_007": "18204", "N03_EN": "OBAMA SHI"}}, {"arcs": [[-5, 24, 25, 26, 27, 28, 29, -9, 30]], "type": "Polygon", "properties": {"N03_001": "福井県", "N03_002": null, "N03_003": null, "N03_004": "大野市", "N03_007": "18205", "N03_EN": "ONO SHI"}}, {"arcs": [[-1, -6, -31, -8, 31, 32, -2]], "type": "Polygon", "properties": {"N03_001": "福井県", "N03_002": null, "N03_003": null, "N03_004": "勝山市", "N03_007": "18206", "N03_EN": "KATSUYAMA SHI"}}, {"arcs": [[-11, 33, 34]], "type": "Polygon", "properties": {"N03_001": "福井県", "N03_002": null, "N03_003": null, "N03_004": "鯖江市", "N03_007": "18207", "N03_EN": "SABAE SHI"}}, {"arcs": [[-4, 35, 36]], "type": "Polygon", "properties": {"N03_001": "福井県", "N03_002": null, "N03_003": null, "N03_004": "あわら市", "N03_007": "18208", "N03_EN": "AWARA SHI"}}, {"arcs": [[-34, 37, 38, 39]], "type": "Polygon", "properties": {"N03_001": "福井県", "N03_002": null, "N03_003": null, "N03_004": "越前市", "N03_007": "18209", "N03_EN": "ECHIZEN SHI"}}, {"arcs": [[-3, -33, 40, -14, 41, -36]], "type": "Polygon", "properties": {"N03_001": "福井県", "N03_002": null, "N03_003": null, "N03_004": "坂井市", "N03_007": "18210", "N03_EN": "SAKAI SHI"}}, {"arcs": [[-7, -41, -32]], "type": "Polygon", "properties": {"N03_001": "福井県", "N03_002": null, "N03_003": "吉田郡", "N03_004": "永平寺町", "N03_007": "18322", "N03_EN": "YOSHIDA GUN EIHEIJI CHO"}}, {"arcs": [[-10, -30, 42, 43, -38]], "type": "Polygon", "properties": {"N03_001": "福井県", "N03_002": null, "N03_003": "今立郡", "N03_004": "池田町", "N03_007": "18382", "N03_EN": "IMADATE GUN IKEDA CHO"}}, {"arcs": [[-19, 44, 45, -39, -44, 46, 47]], "type": "Polygon", "properties": {"N03_001": "福井県", "N03_002": null, "N03_003": "南条郡", "N03_004": "南越前町", "N03_007": "18404", "N03_EN": "NANJO GUN MINAMIECHIZEN CHO"}}, {"arcs": [[-12, -35, -40, -46, 48]], "type": "Polygon", "properties": {"N03_001": "福井県", "N03_002": null, "N03_003": "丹生郡", "N03_004": "越前町", "N03_007": "18423", "N03_EN": "NYU GUN ECHIZEN CHO"}}, {"arcs": [[-17, 49, 50, 51]], "type": "Polygon", "properties": {"N03_001": "福井県", "N03_002": null, "N03_003": "三方郡", "N03_004": "美浜町", "N03_007": "18442", "N03_EN": "MIKATA GUN MIHAMA CHO"}}, {"arcs": [[52, 53, 54, 55, 56, 57]], "type": "Polygon", "properties": {"N03_001": "福井県", "N03_002": null, "N03_003": "大飯郡", "N03_004": "高浜町", "N03_007": "18481", "N03_EN": "OI GUN TAKAHAMA CHO"}}, {"arcs": [[[-23, 58, 59, 60, -55, 61]], [[-53, 62]]], "type": "MultiPolygon", "properties": {"N03_001": "福井県", "N03_002": null, "N03_003": "大飯郡", "N03_004": "おおい町", "N03_007": "18483", "N03_EN": "OI GUN OI CHO"}}, {"arcs": [[-21, 63, -51, 64]], "type": "Polygon", "properties": {"N03_001": "福井県", "N03_002": null, "N03_003": "三方上中郡", "N03_004": "若狭町", "N03_007": "18501", "N03_EN": "MIKATAKAMINAKA GUN WAKASA CHO"}}]}}}