{"type": "Topology", "transform": {"scale": [0.0005259715925207424, 0.00043289358342934705], "translate": [122.94015612240719, 24.045871946033515]}, "arcs": [[[20382, 22721], [52, 80], [-22, 38], [31, 69], [-31, 69], [6, 46]], [[20418, 23023], [-27, 34], [-99, 12], [-28, 26]], [[18453, 23037], [-8, -143], [-98, -10], [-5, 41], [67, 54], [44, 58]], [[18985, 22776], [-77, -56], [-1, -78], [-37, -95], [-62, -23], [7, -41], [74, -117]], [[18889, 22366], [-50, -91], [-32, -3]], [[18807, 22272], [-12, 65], [-59, 114], [8, 49], [-54, 22]], [[18690, 22522], [-41, 23], [-120, -1]], [[18529, 22544], [3, 67], [44, 46], [-20, 53], [20, 69], [85, 11], [25, 85], [4, 112], [72, 50]], [[18762, 23037], [155, -69], [-5, -87], [70, -48], [3, -57]], [[18762, 23037], [93, 84], [112, 20], [29, 71], [-15, 50], [56, 19], [38, -20], [64, -114], [31, -8], [83, -185]], [[19253, 22954], [-48, -11], [-14, -40], [-105, -28], [-6, -86], [-30, -19]], [[19050, 22770], [-65, 6]], [[19197, 23446], [60, -9], [34, -79], [-98, -115], [-31, 73], [40, 33], [-5, 97]], [[19331, 23553], [2, -45], [-59, -62], [-35, 72], [92, 35]], [[19148, 23687], [28, -11], [42, -83], [4, -104], [-95, -11], [-79, -40], [-23, 40], [34, 41], [49, -5], [9, 51], [-27, 92], [58, 30]], [[18474, 21452], [21, -21], [10, -91], [-37, -21], [-64, 8], [-35, -61], [21, -36], [-1, -77], [88, 25]], [[18477, 21178], [-41, -67]], [[18436, 21111], [-42, -36], [33, -46], [27, -78], [32, -15]], [[18486, 20936], [12, -87], [-23, -33]], [[18475, 20816], [-38, 15], [-116, -48], [-133, -9], [-69, 39], [-69, -8], [-22, 18], [-36, -9], [5, -27], [-24, -50], [-28, 0]], [[17945, 20737], [33, 13], [2, 67], [53, 23], [6, -25], [98, 0], [-21, 77], [23, 69], [-55, 28], [-34, 61], [25, 61], [75, -47], [44, 27], [-12, 62], [67, 46], [0, 28], [-66, 77], [-40, 15], [29, 86]], [[18172, 21405], [41, 60], [65, -31], [171, 6], [25, 12]], [[18889, 22366], [5, -12], [143, 25], [26, 31], [109, 37]], [[19172, 22447], [109, -15], [68, 23], [77, -37]], [[19426, 22418], [7, -44]], [[19433, 22374], [-32, -62], [-48, -37], [-5, -66], [-79, -22], [-54, -174], [30, -32], [-6, -52], [-41, -29], [-43, -104]], [[19155, 21796], [-49, -17]], [[19106, 21779], [-169, -8]], [[18937, 21771], [-9, 63]], [[18928, 21834], [49, 83], [9, 62], [-55, 61], [-96, 18], [19, 62], [-38, 44]], [[18816, 22164], [-9, 108]], [[18690, 22522], [0, -11]], [[18690, 22511], [-48, -30], [-89, -3]], [[18553, 22478], [-24, 66]], [[18816, 22164], [-23, -25], [-111, -52], [-39, 47]], [[18643, 22134], [52, 96], [12, 54], [-82, 102], [68, 95], [-3, 30]], [[18928, 21834], [-57, 7], [-50, 49]], [[18821, 21890], [-37, 64], [-68, -46], [-72, 1], [-61, -47], [-100, -17], [-59, 41], [15, 49], [-13, 81], [-54, 107]], [[18372, 22123], [37, 64], [55, 4], [-1, -67], [111, -34], [69, 44]], [[17905, 21876], [37, -57], [-10, -49]], [[17932, 21770], [-124, 8], [-50, -61], [-82, -50], [-102, -30], [-111, -108], [-12, 58], [-66, 17], [76, 51], [55, -30], [32, 27], [4, 60], [43, 14], [57, -15], [16, 41], [61, 15], [176, 109]], [[17905, 21876], [63, 31], [66, 52]], [[18034, 21959], [5, -27], [97, -38], [-1, -41], [45, -129]], [[18180, 21724], [-51, -75], [-46, -38], [-77, 17], [-24, -48], [-37, -7]], [[17945, 21573], [34, 29], [-20, 52], [42, 39], [-11, 53], [-58, 24]], [[19865, 22962], [-33, -71], [-12, -123], [14, -62], [51, 28], [88, 1], [18, -117]], [[19991, 22618], [-103, -2], [-17, -27], [-68, 23], [-56, -46]], [[19747, 22566], [-93, 38]], [[19654, 22604], [-72, 183], [14, 21], [-25, 76]], [[19571, 22884], [82, 66], [83, 31], [68, -35], [61, 16]], [[19253, 22954], [66, -97], [60, -30], [106, 39], [86, 18]], [[19654, 22604], [-39, -86], [-71, -31], [-51, 31], [-17, -59], [-50, -41]], [[19172, 22447], [-21, 115], [-51, -2], [-35, 80], [-21, 87], [6, 43]], [[18821, 21890], [-21, -41], [-44, 0], [-29, -37], [-72, -21], [-11, -58], [-58, 4], [-21, -83], [-96, 10], [-41, 36], [-81, -12], [-32, 44], [-38, -38], [-47, 30], [-50, 0]], [[18034, 21959], [60, 100], [97, 81], [44, 17]], [[18235, 22157], [56, -82], [39, 56], [42, -8]], [[18235, 22157], [104, 37], [140, 116], [74, 168]], [[20382, 22721], [-63, -22], [-59, 18], [-25, -28]], [[20235, 22689], [-63, 33], [-77, -78], [-3, -29]], [[20092, 22615], [-41, -14]], [[20051, 22601], [-60, 17]], [[19865, 22962], [42, 11], [81, -15], [71, -35], [80, 41], [125, 131]], [[18172, 21405], [-59, 16], [-84, -34], [-77, 39], [51, 74], [-58, 73]], [[18937, 21771], [-101, 20], [-69, -30], [29, -47], [-3, -53], [54, -80]], [[18847, 21581], [-53, -35], [-42, -69], [-56, 18], [-75, -18], [-137, 13], [-10, -38]], [[18475, 20816], [39, -44], [-2, -62], [28, -87], [-26, -70], [-43, -41]], [[18471, 20512], [-107, -29], [-52, 77], [-112, 9], [6, -41], [-75, -64], [-15, 81], [42, 1], [49, 48], [-60, 115], [2, 73], [-102, 20], [-27, 17], [-25, -67], [-22, -22], [-28, 7]], [[18477, 21178], [40, 59], [92, 10], [28, 41], [85, 13]], [[18722, 21301], [-1, -11]], [[18721, 21290], [-28, -49], [7, -75], [-67, -17], [-28, -76], [-74, -77], [-95, 115]], [[18847, 21581], [13, -45], [45, -15], [34, -81]], [[18939, 21440], [-6, -29], [-77, -49], [-77, -22], [-57, -39]]], "objects": {"pref_38": {"type": "GeometryCollection", "geometries": [{"arcs": [[[2]], [[3, 4, 5, 6, 7, 8]]], "type": "MultiPolygon", "properties": {"N03_001": "愛媛県", "N03_002": null, "N03_003": null, "N03_004": "松山市", "N03_007": "38201", "N03_EN": "MATSUYAMA SHI"}}, {"arcs": [[[-9, 9, 10, 11]], [[12]], [[13]], [[14]]], "type": "MultiPolygon", "properties": {"N03_001": "愛媛県", "N03_002": null, "N03_003": null, "N03_004": "今治市", "N03_007": "38202", "N03_EN": "IMABARI SHI"}}, {"arcs": [[15, 16, 17, 18, 19, 20, 21]], "type": "Polygon", "properties": {"N03_001": "愛媛県", "N03_002": null, "N03_003": null, "N03_004": "宇和島市", "N03_007": "38203", "N03_EN": "UWAJIMA SHI"}}, {"arcs": [[-5, 22, 23, 24, 25, 26, 27, 28, 29, 30]], "type": "Polygon", "properties": {"N03_001": "愛媛県", "N03_002": null, "N03_003": "上浮穴郡", "N03_004": "久万高原町", "N03_007": "38386", "N03_EN": "KAMIUKENA GUN KUMAKOGEN CHO"}}, {"arcs": [[-7, 31, 32, 33]], "type": "Polygon", "properties": {"N03_001": "愛媛県", "N03_002": null, "N03_003": "伊予郡", "N03_004": "松前町", "N03_007": "38401", "N03_EN": "IYO GUN MASAKI CHO"}}, {"arcs": [[-6, -31, 34, 35, -32]], "type": "Polygon", "properties": {"N03_001": "愛媛県", "N03_002": null, "N03_003": "伊予郡", "N03_004": "砥部町", "N03_007": "38402", "N03_EN": "IYO GUN TOBE CHO"}}, {"arcs": [[-30, 36, 37, 38, -35]], "type": "Polygon", "properties": {"N03_001": "愛媛県", "N03_002": null, "N03_003": "喜多郡", "N03_004": "内子町", "N03_007": "38422", "N03_EN": "KITA GUN UCHIKO CHO"}}, {"arcs": [[39, 40]], "type": "Polygon", "properties": {"N03_001": "愛媛県", "N03_002": null, "N03_003": "西宇和郡", "N03_004": "伊方町", "N03_007": "38442", "N03_EN": "NISHIUWA GUN IKATA CHO"}}, {"arcs": [[-40, 41, 42, 43, 44]], "type": "Polygon", "properties": {"N03_001": "愛媛県", "N03_002": null, "N03_003": null, "N03_004": "八幡浜市", "N03_007": "38204", "N03_EN": "YAWATAHAMA SHI"}}, {"arcs": [[45, 46, 47, 48, 49]], "type": "Polygon", "properties": {"N03_001": "愛媛県", "N03_002": null, "N03_003": null, "N03_004": "新居浜市", "N03_007": "38205", "N03_EN": "NIIHAMA SHI"}}, {"arcs": [[-11, 50, -49, 51, -24, 52]], "type": "Polygon", "properties": {"N03_001": "愛媛県", "N03_002": null, "N03_003": null, "N03_004": "西条市", "N03_007": "38206", "N03_EN": "SAIJO SHI"}}, {"arcs": [[-38, 53, -43, 54, 55]], "type": "Polygon", "properties": {"N03_001": "愛媛県", "N03_002": null, "N03_003": null, "N03_004": "大洲市", "N03_007": "38207", "N03_EN": "OZU SHI"}}, {"arcs": [[-33, -36, -39, -56, 56]], "type": "Polygon", "properties": {"N03_001": "愛媛県", "N03_002": null, "N03_003": null, "N03_004": "伊予市", "N03_007": "38210", "N03_EN": "IYO SHI"}}, {"arcs": [[-1, 57, 58, 59, 60, -46, 61, -2]], "type": "Polygon", "properties": {"N03_001": "愛媛県", "N03_002": null, "N03_003": null, "N03_004": "四国中央市", "N03_007": "38213", "N03_EN": "SHIKOKUCHUO SHI"}}, {"arcs": [[-22, 62, -44, -54, -37, -29, 63, 64]], "type": "Polygon",