{"type": "Topology", "transform": {"scale": [0.0005259715925207424, 0.00043289358342934705], "translate": [122.94015612240719, 24.045871946033515]}, "arcs": [[[32197, 32966], [-111, 91], [-51, -17], [-108, 53], [-51, 83], [27, 100], [-16, 48], [17, 57], [-53, 24], [-100, 10], [-85, 37], [-91, 60]], [[32245, 32872], [-2, 40], [-46, 54]], [[31828, 31881], [-98, 108]], [[31730, 31989], [-8, 57]], [[31722, 32046], [27, 38], [0, 114], [29, 28], [6, 95], [67, 45], [-39, 46], [38, 84], [-14, 107]], [[31836, 32603], [-5, 23], [59, 86], [85, -32], [44, 3], [150, 85], [31, 71], [45, 33]], [[31918, 31801], [25, 12], [-39, 51], [-19, 34], [-55, -17]], [[31830, 31881], [-2, 0]], [[30975, 29787], [36, 50], [5, 65], [-20, 57], [31, 66], [-40, 109], [-6, 54], [34, 109], [-29, 61]], [[30986, 30358], [-82, 38], [-55, 65], [17, 56], [71, 69], [41, 132], [-4, 101], [-65, 54]], [[30909, 30873], [49, 88], [53, 9]], [[31011, 30970], [15, -13], [128, 36], [80, 7], [55, -13]], [[31646, 31109], [-28, 61], [0, 93], [-41, 70], [1, 91], [98, 46], [52, 53], [-7, 38], [62, 75], [1, 33], [134, 132]], [[31289, 30987], [32, 112], [82, 22], [35, -36], [40, 24], [88, -2], [46, -22], [34, 24]], [[29956, 29320], [32, 2], [27, 58], [118, -45]], [[30876, 29843], [99, -56]], [[30133, 29335], [54, 39], [22, 78], [96, 68], [94, 18], [-23, 87], [29, 54]], [[30405, 29679], [89, -6], [-29, 142], [11, 67], [115, 5], [116, 84], [11, 89]], [[30718, 30060], [49, -27], [17, -49], [91, -81], [1, -60]], [[30977, 32155], [18, -43]], [[30995, 32112], [34, -127]], [[31029, 31985], [-52, -63], [-105, 0]], [[30872, 31922], [-58, 114]], [[30814, 32036], [-29, 111]], [[30785, 32147], [114, 40], [44, 31], [34, -63]], [[30814, 32036], [-92, -56]], [[30722, 31980], [-62, 126]], [[30660, 32106], [125, 41]], [[30722, 31980], [-102, -39], [-43, 6]], [[30577, 31947], [-42, 76]], [[30535, 32023], [125, 83]], [[30872, 31922], [-36, -33], [8, -63]], [[30844, 31826], [-111, 42], [-81, -21]], [[30652, 31847], [-79, 52]], [[30573, 31899], [4, 48]], [[30844, 31826], [47, -114]], [[30891, 31712], [-77, -25], [-31, -58], [-44, -28]], [[30739, 31601], [-88, 6]], [[30651, 31607], [19, 97], [-26, 38], [8, 105]], [[30651, 31607], [-55, -81]], [[30596, 31526], [-30, 40], [-46, -34], [0, -37]], [[30520, 31495], [-49, 2]], [[30471, 31497], [14, 3]], [[30485, 31500], [22, 45], [-17, 110], [34, 22], [-30, 110]], [[30494, 31787], [79, 112]], [[30494, 31787], [-40, 32], [-61, -24], [-132, -6], [6, 57]], [[30267, 31846], [62, 49], [206, 128]], [[30485, 31500], [-54, 52], [-65, 32], [-89, -27]], [[30277, 31557], [-92, 27], [-16, -27]], [[30169, 31557], [-43, 1]], [[30126, 31558], [58, 187], [83, 101]], [[30346, 30592], [-40, -150], [-86, -110]], [[30220, 30332], [-3, 68]], [[30217, 30400], [6, 86], [-19, 74], [44, 77], [98, -45]], [[30169, 31557], [-5, -66]], [[30164, 31491], [-35, -53], [96, -85], [82, 4]], [[30307, 31357], [-14, -65]], [[30293, 31292], [11, -154], [42, -77], [105, -6], [40, 23], [43, 61]], [[30534, 31139], [90, -10], [63, 9], [60, -34], [-12, -58], [-35, -40], [11, -42], [55, -54], [2, -39]], [[30768, 30871], [-117, -10], [-63, -18], [-66, -60], [-48, 28], [-80, -202], [-29, -7]], [[30365, 30602], [-10, 29], [-73, 35], [19, 45], [-104, -3], [-3, 42], [-50, 52], [-59, -11], [-23, -113], [-8, -142], [-43, -81]], [[30011, 30455], [-96, 17]], [[29915, 30472], [-58, 107], [24, 72], [81, 87], [35, 80], [-36, 34]], [[29961, 30852], [18, 41], [-33, 44]], [[29946, 30937], [59, 114]], [[30005, 31051], [75, 106], [-24, 66], [-42, 37]], [[30014, 31260], [41, 64], [35, 89], [36, 145]], [[30909, 30873], [-64, 6], [-40, -35], [-37, 27]], [[30534, 31139], [-33, 34], [-54, 1], [-19, 34], [-64, 23], [-71, 61]], [[30307, 31357], [74, 25], [65, 63], [25, 52]], [[30520, 31495], [80, -81], [11, -73], [67, -5], [110, -103], [78, -25], [110, 8]], [[30976, 31216], [83, -114]], [[31059, 31102], [13, -60], [-61, -72]], [[29915, 30472], [-4, -68], [-44, -70], [-58, 1], [-66, -26], [-35, 9]], [[29708, 30318], [-74, 108], [-42, 27], [57, 77], [-85, 60], [-137, 43]], [[29427, 30633], [129, 91], [111, 52], [83, 121], [58, 125], [80, 112]], [[29888, 31134], [117, -83]], [[29946, 30937], [-23, -35], [38, -50]], [[29832, 30973], [-77, -120], [60, 1], [44, 66], [-27, 53]], [[31830, 31881], [-70, -41], [-230, -83], [-106, -6], [-86, 60], [-63, 23], [-54, -11]], [[31221, 31823], [15, 55], [-81, 43], [-53, -16], [-73, 80]], [[30995, 32112], [96, 20], [39, 70], [-81, 20], [55, 44], [-22, 39]], [[31082, 32305], [48, 44]], [[31130, 32349], [71, -69], [17, 28], [142, -22], [111, -56], [-2, -112], [38, -65], [-9, -75], [86, -16], [7, -43], [56, 0], [40, 53], [43, 17]], [[30217, 30400], [-26, 23], [-167, 5], [-13, 27]], [[30365, 30602], [-19, -10]], [[30596, 31526], [26, -51], [99, 19]], [[30721, 31494], [21, -43], [47, -9], [38, -112], [49, -20], [27, 33], [46, -27], [27, -100]], [[30220, 30332], [19, -25]], [[30239, 30307], [57, -58], [-65, -51], [-75, -171], [-49, -80], [-13, -107], [19, -13]], [[30113, 29827], [-149, -207]], [[29964, 29620], [-49, 30], [-40, 59], [21, 65], [89, 29], [9, 32], [-62, 159], [4, 63], [-35, 19], [-78, -56], [-52, -6], [-63, -40]], [[29708, 29974], [-78, 21]], [[29630, 29995], [30, 33], [8, 95], [-41, 59], [12, 61], [62, 40], [7, 35]], [[31836, 32603], [-58, 20], [-74, -10], [-53, 14], [-160, -81], [17, -61], [-43, -55]], [[31465, 32430], [-38, -7], [-76, 37], [-41, 53], [1, 68]], [[31311, 32581], [40, 72], [-4, 37], [41, 85], [-1, 91], [12, 269], [100, 219], [80, 136], [-4, 22]], [[29630, 29995], [-9, -6]], [[29621, 29989], [-123, -19], [-117, -57], [-29, -34]], [[29352, 29879], [-58, -9], [-35, 37], [-63, 12], [-55, 122], [23, 30], [-139, 11], [-58, -21], [-32, -53], [-40, -12], [4, -78], [-20, -48], [44, -27], [60, 47], [102, 53], [23, -69], [-55, -86], [-29, 26], [-101, -18], [-96, 62]], [[28827, 29858], [-28, 100], [15, 110], [-38, 94], [17, 42], [-32, 63]], [[28761, 30267], [65, 60], [95, -30], [152, 30], [102, 69], [133, 117], [119, 120]], [[31221, 31823], [-71, -119], [-66, -31], [-4, -45]], [[31080, 31628], [-94, 19], [-95, 65]], [[29589, 33002], [17, -41], [-8, -118], [-32, -141], [-78, -130], [-28, -72], [2, -76], [83, -45], [169, 49], [7, -50], [-133, -273], [-7, -44], [-54, -64], [-82, -40], [-129, -114], [-105, -9], [-104, -54], [-66, 17], [3, 62], [100, 24], [40, 87], [-22, 51], [51, 74], [46, 24], [22, 64], [-66, 64], [-61, -7], [-40, -88], [-35, 45], [8, 110], [-11, 71], [28, 32], [44, 105], [36, 29], [69, 139], [47, 24], [103, 104], [44, 11], [47, 125], [95, 55]], [[30164, 31491], [119, -17], [-6, 83]], [[28827, 29858], [20, -35], [-63, -32], [-23, -46], [-66, -3], [-36, -39]], [[28659, 29703], [-179, 36], [-86, -9], [-25, -58], [31, -40], [-89, -128], [-21, -46], [-105, -70]], [[28185, 29388], [-4, -4]], [[28181, 29384], [-16, 71], [-42, 62], [0, 116], [-36, 46], [14, 76], [-18, 41], [-45, -3], [-100, 85]], [[27938, 29878], [125, 34], [216, 82], [29, 22], [158, 49], [176, 126], [83, 29], [36, 47]], [[29352, 29879], [-27, -83], [-40, -54], [-49, 10], [-40, -33], [0, -122], [-41, -40]], [[29155, 29557], [-12, 45], [-106, 18], [-33, -34], [-62, -21], [-91, 14], [-49, -34]], [[28802, 29545], [-40, -74], [-65, 12], [-58, 41]], [[28639, 29524], [32, 36], [-7, 42], [27, 72], [-32, 29]], [[31080, 31628], [-1, -97], [44, -19], [23, -92], [49, -41], [1, -67], [-43, -27], [-32, -56], [25, -49], [-87, -78]], [[30721, 31494], [18, 107]], [[30718, 30060], [-26, 37], [-9, 131], [-99, 41], [-18, 89], [-101, 10], [-59, 38], [-82, -85], [-33, 52], [-52, -66]], [[30405, 29679], [-36, 88], [-46, 41], [-65, 24], [-66, -21], [-79, 16]], [[31130, 32349], [69, 74], [112, 158]], [[31465, 32430], [66, -5], [-4, -46], [33, -70], [-17, -44], [65, -67], [5, -121], [74, 8], [35, -39]], [[30977, 32155], [-15, 61], [120, 89]], [[31021, 33369], [-16, -87], [-47, 12], [63, 75]], [[29888, 31134], [103, 85], [23, 41]], [[29956, 29320], [-16, 64], [-35, 18], [50, 81], [-28, 35], [18, 50]], [[29945, 29568], [19, 52]], [[29945, 29568], [-4, 35], 