{"type": "Topology", "transform": {"scale": [0.0005259715925207424, 0.00043289358342934705], "translate": [122.94015612240719, 24.045871946033515]}, "arcs": [[[17355, 24075], [-25, 0]], [[16701, 24316], [-14, 78], [-42, 34], [7, 65], [-15, 75]], [[16833, 24002], [-154, -18], [-85, 175]], [[16594, 24159], [73, 67], [-1, 70], [35, 20]], [[17330, 24075], [-76, -36], [2, -34], [-50, -54], [45, -74], [-57, -72], [-48, -103], [-59, 65], [-88, -60]], [[16999, 23707], [-95, -14], [-66, 38], [-42, 43], [-7, 43]], [[16789, 23817], [-14, 57], [41, 44], [17, 84]], [[17692, 23481], [-99, -8]], [[17593, 23473], [16, 37], [-86, 14], [-44, 100], [-16, 77]], [[17463, 23701], [8, 49], [-110, 65], [11, 79], [-16, 62], [23, 63], [-24, 56]], [[15157, 22889], [31, -65], [-50, -27], [-13, 69], [32, 23]], [[15287, 23834], [62, -54], [161, -178], [108, 19], [34, -17]], [[15652, 23604], [-53, -89], [-72, -46], [-14, -36], [34, -67], [-52, -17], [-11, -52], [55, -54], [-1, -26]], [[15538, 23217], [-43, -49], [-42, -84]], [[15453, 23084], [-72, 1], [-67, -116], [-115, -95], [-46, 26], [-3, 77], [15, 63], [-11, 97], [-55, 30], [-38, 68], [10, 76], [47, -6], [64, 81], [10, 93], [-17, 69], [-104, 111], [46, 57], [-3, 74], [19, 38], [94, -19], [60, 25]], [[16789, 23817], [-48, -65], [23, -123], [-35, -62], [47, -123], [-49, -8], [3, -43], [-27, -73], [-75, -19], [-62, 9]], [[16566, 23310], [-119, 32], [-64, -84], [-11, -39], [-62, -25], [-53, 17], [-19, -43], [-49, -30], [39, -57]], [[16228, 23081], [7, -56], [-82, -58], [-17, 61], [-62, 27], [-60, -67]], [[16014, 22988], [-29, 10], [-97, -13], [41, 117], [33, 18], [47, 117], [29, 23], [-12, 53]], [[16026, 23313], [18, 66], [35, 36], [24, 67]], [[16103, 23482], [70, 26], [109, 84], [86, 93], [33, 63], [-56, 193], [61, 8], [62, -13], [60, 85], [66, 138]], [[16103, 23482], [-12, 69], [-60, 158], [-57, 21]], [[15974, 23730], [10, 82], [-103, 61]], [[15881, 23873], [113, 71], [74, 14], [57, 51], [30, 72], [47, 36]], [[16202, 24117], [77, -7], [69, 77], [53, -81], [54, 11], [26, 33], [74, 31], [-107, 114], [18, 46], [-36, 46], [-46, 1]], [[16384, 24388], [7, 35], [57, 25], [40, 85], [69, -29], [80, 64]], [[15572, 24839], [58, -81], [-45, -12], [-13, 93]], [[16202, 24117], [-19, 70], [24, 37], [75, 4], [96, 106], [6, 54]], [[17019, 22945], [81, 70]], [[17100, 23015], [92, 36], [75, 2]], [[17267, 23053], [60, -31]], [[17327, 23022], [20, -35]], [[17347, 22987], [-2, -16]], [[17345, 22971], [-96, -16], [-54, -97], [78, -91]], [[17273, 22767], [-130, 111], [-39, -6], [-34, 46], [-51, 27]], [[15792, 24007], [-95, -93], [-45, 24], [-3, 40], [88, 0], [55, 29]], [[15287, 23834], [106, 36], [-49, 53], [-58, -6], [-41, 20], [41, 63], [47, -47], [73, -11], [59, 33], [71, -35], [33, 8], [47, -92], [65, 18], [33, -14], [127, 36], [40, -23]], [[15974, 23730], [-111, 42], [-74, -66], [-35, -53], [-84, -10], [-18, -39]], [[17623, 22572], [73, -48], [-61, -33], [-53, 59], [41, 22]], [[17347, 22987], [6, 57]], [[17353, 23044], [70, 72], [31, -2], [78, -77], [49, 2], [22, -89]], [[17603, 22950], [-22, -41], [-112, -13], [0, -160], [57, -66], [-11, -38]], [[17515, 22632], [-36, 43]], [[17479, 22675], [0, 30], [-74, 88], [25, 23], [-3, 66], [-88, 8]], [[17339, 22890], [6, 81]], [[17670, 22920], [28, -32], [73, -28], [56, -83], [78, 12], [23, 40], [48, -6], [55, 65], [57, -44], [-68, -39], [-81, -9], [-25, -37], [11, -71], [-92, 60], [-59, 20], [-57, -56], [-74, -8], [-20, -34], [-65, 100], [-4, 49], [72, 84], [44, 17]], [[16014, 22988], [-27, -72], [-60, -26], [-97, -74], [-64, 10], [-63, 36]], [[15703, 22862], [-23, 44], [-3, 63], [60, 56], [12, 39], [-76, 51], [60, 50], [-9, 91]], [[15724, 23256], [59, 65], [61, 0], [38, 58], [102, -68], [42, 2]], [[16566, 23310], [-28, -72], [-6, -65], [52, -11], [20, -66]], [[16604, 23096], [-95, -10], [-23, -37], [-49, 4], [-86, -64], [-45, 13], [-15, 45], [-63, 34]], [[17019, 22945], [-61, 65], [-42, 6]], [[16916, 23016], [27, 62], [39, 41], [-31, 100], [42, 24], [110, -102], [-16, -78], [13, -48]], [[17593, 23473], [5, -62], [79, 37]], [[17677, 23448], [28, -88], [-9, -57], [-85, -19], [31, -200], [-12, -85], [-27, -49]], [[17353, 23044], [-26, -22]], [[17267, 23053], [16, 51], [-13, 51], [-108, 46], [-14, 61], [-7, 190], [-41, 76], [-81, 9], [-20, 80], [0, 90]], [[15724, 23256], [-56, 12], [-26, -53], [-70, -23], [-34, 25]], [[16916, 23016], [-36, -38], [-4, -54], [-84, 19], [75, 88], [13, 45], [-101, 42], [-106, 16], [-69, -38]], [[15703, 22862], [-54, -1], [-26, 30], [6, 72], [-74, 40], [-36, 63], [-66, 18]], [[17692, 23481], [-15, -33]], [[17515, 22632], [-71, -22], [1, 59]], [[17445, 22669], [34, 6]], [[17339, 22890], [-7, -79]], [[17332, 22811], [-59, -44]], [[17445, 22669], [8, 38], [-81, 40], [-40, 64]]], "objects": {"pref_35": {"type": "GeometryCollection", "geometries": [{"arcs": [[[10]], [[11, 12, 13, 14]]], "type": "MultiPolygon", "properties": {"N03_001": "山口県", "N03_002": null, "N03_003": null, "N03_004": "下関市", "N03_007": "35201", "N03_EN": "SHIMONOSEKI SHI"}}, {"arcs": [[-3, -7, 15, 16, 17, 18, 19, 20]], "type": "Polygon", "properties": {"N03_001": "山口県", "N03_002": null, "N03_003": null, "N03_004": "山口市", "N03_007": "35203", "N03_EN": "YAMAGUCHI SHI"}}, {"arcs": [[[-2, -4, -21, 21, 22, 23, 24, 25]], [[26]]], "type": "MultiPolygon", "properties": {"N03_001": "山口県", "N03_002": null, "N03_003": null, "N03_004": "萩市", "N03_007": "35204", "N03_EN": "HAGI SHI"}}, {"arcs": [[-25, 27]], "type": "Polygon", "properties": {"N03_001": "山口県", "N03_002": null, "N03_003": "阿武郡", "N03_004": "阿武町", "N03_007": "35502", "N03_EN": "ABU GUN ABU CHO"}}, {"arcs": [[28, 29, 30, 31, 32, 33, 34]], "type": "Polygon", "properties": {"N03_001": "山口県", "N03_002": null, "N03_003": null, "N03_004": "光市", "N03_007": "35210", "N03_EN": "HIKARI SHI"}}, {"arcs": [[[35]], [[-12, 36, -23, 37]]], "type": "MultiPolygon", "properties": {"N03_001": "山口県", "N03_002": null, "N03_003": null, "N03_004": "長門市", "N03_007": "35211", "N03_EN": "NAGATO SHI"}}, {"arcs": [[[38]], [[-33, 39, 40, 41, 42, 43, 44]]], "type": "MultiPolygon", "properties": {"N03_001": "山口県", "N03_002": null, "N03_003": null, "N03_004": "柳井市", "N03_007": "35212", "N03_EN": "YANAI SHI"}}, {"arcs": [[45]], "type": "Polygon", "properties": {"N03_001": "山口県", "N03_002": null, "N03_003": "大島郡", "N03_004": "周防大島町", "N03_007": "35305", "N03_EN": "OSHIMA GUN SUOOSHIMA CHO"}}, {"arcs": [[-19, 46, 47, 48]], "type": "Polygon", "properties": {"N03_001": "山口県", "N03_002": null, "N03_003": null, "N03_004": "宇部市", "N03_007": "35202", "N03_EN": "UBE SHI"}}, {"arcs": [[-17, 49, 50]], "type": "Polygon", "properties": {"N03_001": "山口県", "N03_002": null, "N03_003": null, "N03_004": "防府市", "N03_007": "35206", "N03_EN": "HOFU SHI"}}, {"arcs": [[-29, 51, 52]], "type": "Polygon", "properties": {"N03_001": "山口県", "N03_002": null, "N03_003": null, "N03_004": "下松市", "N03_007": "35207", "N03_EN": "KUDAMATSU SHI"}}, {"arcs": [[-1, -10, -9, 53, 54, -41, 55, -31, 56, -5]], "type": "Polygon", "properties": {"N03_001": "山口県", "N03_002": null, "N03_003": null, "N03_004": "岩国市", "N03_007": "35208", "N03_EN": "IWAKUNI SHI"}}, {"arcs": [[-13, -38, -22, -20, -49, 57]], "type": "Polygon", "properties": {"N03_001": "山口県", "N03_002": null, "N03_003": null, "N03_004": "美祢市", "N03_007": "35213", "N03_EN": "MINE SHI"}}, {"arcs": [[-6, -57, -30, -53, 58, -50, -16]], "type": "Polygon", "properties": {"N03_001": "山口県", "N03_002": null, "N03_003": null, "N03_004": "周南市", "N03_007": "35215", "N03_EN": "SHUNAN SHI"}}, {"arcs": [[-14, -58, -48, 59]], "type": "Polygon", "properties": {"N03_001": "山口県", "N03_002": null, "N03_003": null, "N03_004": "山陽小野田市", "N03_007": "35216", "N03_EN": "SANYOONODA SHI"}}, {"arcs": [[-8, 60, -54]], "type": "Polygon", "properties": {"N03_001": "山口県", "N03_002": null, "N03_003": "玖珂郡", "N03_004": "和木町", "N03_007": "35321", "N03_EN": "KUGA GUN WAKI CHO"}}, {"arcs": [[-43, 61, 62]], "type": "Polygon", "properties": {"N03_001": "山口県", "N03_002": null, "N03_003": "熊毛郡", "N03_004": "上関町",