{"type": "Topology", "transform": {"scale": [0.0005259715925207424, 0.00043289358342934705], "translate": [122.94015612240719, 24.045871946033515]}, "arcs": [[[21984, 26150], [-60, 32], [19, 71], [-8, 42]], [[21991, 26086], [-7, 64]], [[21793, 25861], [62, -27], [78, 46], [74, 65], [-16, 141]], [[21935, 26295], [-71, 32]], [[21864, 26327], [-11, 65]], [[21853, 26392], [-40, 108], [23, 80], [-38, 43], [6, 38], [-73, 63]], [[21864, 26327], [1, -6]], [[21865, 26321], [-47, -14], [-69, 8], [-31, -26], [-62, 4], [-64, 40], [-60, -12], [-94, -85], [38, -39], [6, -105], [60, -74]], [[21542, 26018], [-35, -30], [-54, 3], [-49, -38], [-79, -21], [-33, 17]], [[21292, 25949], [-32, 5], [-68, 60], [-61, -21], [-46, 17]], [[21085, 26010], [-59, 21], [30, 83]], [[21056, 26114], [50, 60], [-95, 40], [18, 29], [-34, 43], [-60, 7]], [[20935, 26293], [-10, 78], [36, 141]], [[20961, 26512], [68, 8], [107, -17], [214, 34], [117, 30], [79, 33], [10, 27]], [[21556, 26627], [59, -79], [34, -11], [-14, -108], [59, -21], [54, 53], [91, -34], [14, -35]], [[19837, 26358], [34, -5], [71, 37]], [[19942, 26390], [45, -18], [51, -75], [-64, -74]], [[19974, 26223], [-81, 1], [-58, -45]], [[19835, 26179], [-64, 16], [-28, -26]], [[19743, 26169], [-7, 83], [-23, 48], [-70, 35], [-85, 72]], [[19558, 26407], [68, 55]], [[19626, 26462], [58, -54], [153, -50]], [[20736, 26410], [36, -16], [-10, -65], [52, -46]], [[20814, 26283], [-71, -37], [-29, -52], [-9, -65], [-43, -22], [-86, -84]], [[20576, 26023], [-102, 32], [-60, -13], [-54, 39], [-100, 20]], [[20260, 26101], [-38, 35]], [[20222, 26136], [119, 62], [60, 77]], [[20401, 26275], [89, 31], [83, 87], [81, -24], [82, 41]], [[19558, 26407], [-10, 9]], [[19548, 26416], [-44, 104], [38, 46], [49, 7]], [[19591, 26573], [35, -111]], [[21556, 26627], [36, 41], [119, 24], [20, 32]], [[21793, 25861], [-40, 18]], [[21753, 25879], [11, 70], [-63, 65]], [[21701, 26014], [37, 115], [64, 71], [51, 20], [12, 101]], [[21542, 26018], [94, 12], [65, -16]], [[21753, 25879], [-13, -27], [-73, -41], [-26, -38], [-79, -14]], [[21562, 25759], [-39, 32], [-84, -49]], [[21439, 25742], [-93, -41]], [[21346, 25701], [-26, 53], [20, 77], [-51, 26], [25, 43], [-22, 49]], [[21056, 26114], [-86, -6], [-73, -34], [-12, -61], [-120, -33], [8, -47], [-43, -43], [-48, -2]], [[20682, 25888], [-17, 56], [-89, 79]], [[20814, 26283], [121, 10]], [[20736, 26410], [17, 60]], [[20753, 26470], [148, 17], [60, 25]], [[20222, 26136], [-33, 8]], [[20189, 26144], [45, 59], [6, 96], [21, 35], [6, 153], [15, 24]], [[20282, 26511], [122, -37], [86, -5]], [[20490, 26469], [15, -88], [-104, -106]], [[20490, 26469], [157, -7], [106, 8]], [[19942, 26390], [33, 56], [50, 11], [88, 50], [135, 26], [34, -22]], [[20189, 26144], [-60, -9]], [[20129, 26135], [-7, 63], [-62, 31], [-86, -6]], [[19835, 26179], [55, -28], [48, -51], [-82, -50], [1, -118], [-50, -25]], [[19807, 25907], [-12, -57]], [[19795, 25850], [-79, 74]], [[19716, 25924], [-33, 121], [6, 66], [54, 58]], [[20129, 26135], [-42, -75], [-104, -60], [-11, -70]], [[19972, 25930], [-123, -83], [-42, 60]], [[19795, 25850], [-12, -52], [-98, -38], [78, -73], [66, -11], [48, 38]], [[19877, 25714], [32, -130], [-63, -15], [-45, -32], [-127, -11], [5, -58], [-41, -30]], [[19638, 25438], [-56, 49], [-114, -27], [-82, 16]], [[19386, 25476], [7, 99], [33, 73], [71, 49], [-27, 76], [-55, 31]], [[19415, 25804], [57, 42], [244, 78]], [[19972, 25930], [30, -31], [18, -64], [72, 8]], [[20092, 25843], [34, -116]], [[20126, 25727], [-34, 23], [-115, -50], [-76, 34], [-24, -20]], [[20260, 26101], [-37, -70], [-19, -136]], [[20204, 25895], [-23, -32], [-89, -20]]], "objects": {"pref_31": {"type": "GeometryCollection", "geometries": [{"arcs": [[-5, 6, 7, 8, 9, 10, 11, 12, 13, 14]], "type": "Polygon", "properties": {"N03_001": "鳥取県", "N03_002": null, "N03_003": null, "N03_004": "鳥取市", "N03_007": "31201", "N03_EN": "TOTTORI SHI"}}, {"arcs": [[15, 16, 17, 18, 19, 20, 21]], "type": "Polygon", "properties": {"N03_001": "鳥取県", "N03_002": null, "N03_003": null, "N03_004": "米子市", "N03_007": "31202", "N03_EN": "YONAGO SHI"}}, {"arcs": [[22, 23, 24, 25, 26, 27]], "type": "Polygon", "properties": {"N03_001": "鳥取県", "N03_002": null, "N03_003": null, "N03_004": "倉吉市", "N03_007": "31203", "N03_EN": "KURAYOSHI SHI"}}, {"arcs": [[-21, 28, 29, 30]], "type": "Polygon", "properties": {"N03_001": "鳥取県", "N03_002": null, "N03_003": null, "N03_004": "境港市", "N03_007": "31204", "N03_EN": "SAKAIMINATO SHI"}}, {"arcs": [[-6, -15, 31]], "type": "Polygon", "properties": {"N03_001": "鳥取県", "N03_002": null, "N03_003": "岩美郡", "N03_004": "岩美町", "N03_007": "31302", "N03_EN": "IWAMI GUN IWAMI CHO"}}, {"arcs": [[-1, -2, -3, 32, 33, 34, -7, -4]], "type": "Polygon", "properties": {"N03_001": "鳥取県", "N03_002": null, "N03_003": "八頭郡", "N03_004": "若桜町", "N03_007": "31325", "N03_EN": "YAZU GUN WAKASA CHO"}}, {"arcs": [[-9, 35, -34, 36, 37, 38, 39]], "type": "Polygon", "properties": {"N03_001": "鳥取県", "N03_002": null, "N03_003": "八頭郡", "N03_004": "智頭町", "N03_007": "31328", "N03_EN": "YAZU GUN CHIZU CHO"}}, {"arcs": [[-8, -35, -36]], "type": "Polygon", "properties": {"N03_001": "鳥取県", "N03_002": null, "N03_003": "八頭郡", "N03_004": "八頭町", "N03_007": "31329", "N03_EN": "YAZU GUN YAZU CHO"}}, {"arcs": [[-12, 40, 41, -24, 42]], "type": "Polygon", "properties": {"N03_001": "鳥取県", "N03_002": null, "N03_003": "東伯郡", "N03_004": "三朝町", "N03_007": "31364", "N03_EN": "TOHAKU GUN MISASA CHO"}}, {"arcs": [[-13, -43, -23, 43, 44]], "type": "Polygon", "properties": {"N03_001": "鳥取県", "N03_002": null, "N03_003": "東伯郡", "N03_004": "湯梨浜町", "N03_007": "31370", "N03_EN": "TOHAKU GUN YURIHAMA CHO"}}, {"arcs": [[-27, 45, 46, 47, 48]], "type": "Polygon", "properties": {"N03_001": "鳥取県", "N03_002": null, "N03_003": "東伯郡", "N03_004": "琴浦町", "N03_007": "31371", "N03_EN": "TOHAKU GUN KOTORA CHO"}}, {"arcs": [[-28, -49, 49, -44]], "type": "Polygon", "properties": {"N03_001": "鳥取県", "N03_002": null, "N03_003": "東伯郡", "N03_004": "北栄町", "N03_007": "31372", "N03_EN": "TOHAKU GUN HOKUEI CHO"}}, {"arcs": [[-17, 50, -47, 51, 52]], "type": "Polygon", "properties": {"N03_001": "鳥取県", "N03_002": null, "N03_003": "西伯郡", "N03_004": "大山町", "N03_007": "31386", "N03_EN": "SAIHAKU GUN DAISEN CHO"}}, {"arcs": [[-19, 53, 54, 55, 56]], "type": "Polygon", "properties": {"N03_001": "鳥取県", "N03_002": null, "N03_003": "西伯郡", "N03_004": "南部町", "N03_007": "31389", "N03_EN": "SAIHAKU GUN NAMBU CHO"}}, {"arcs": [[-18, -53, 57, 58, -54]], "type": "Polygon", "properties": {"N03_001": "鳥取県", "N03_002": null, "N03_003": "西伯郡", "N03_004": "伯耆町", "N03_007": "31390", "N03_EN": "SAIHAKU GUN HOKI CHO"}}, {"arcs": [[-56, 59, 60, 61, 62, 63]], "type": "Polygon", "properties": {"N03_001": "鳥取県", "N03_002": null, "N03_003": "日野郡", "N03_004": "日南町", "N03_007": "31401", "N03_EN": "HINO GUN NICHINAN CHO"}}, {"arcs": [[-55, -59, 64, 65, 66, -60]], "type": "Polygon", "properties": {"N03_001": "鳥取県", "N03_002": null, "N03_003": "日野郡", "N03_004": "日野町", "N03_007": "31402", "N03_EN": "HINO GUN HINO CHO"}}, {"arcs": [[-26, 67, 68, -65, -58, -52, -46]], "type": "Polygon", "properties": {"N03_001": "鳥取県", "N03_002": null, "N03_003": "日野郡", "N03_004": "江府町", "N03_007": "31403", "N03_EN": "HINO GUN KOFU CHO"}}]}}}