{"type": "Topology", "transform": {"scale": [0.0005259715925207424, 0.00043289358342934705], "translate": [122.94015612240719, 24.045871946033515]}, "arcs": [[[15361, 19643], [10, -67], [-29, -11], [9, -122]], [[15092, 18654], [-40, -49], [-197, 8], [-62, -6]], [[15950, 20299], [-122, -15], [-53, -115], [-6, -54]], [[15769, 20115], [2, -21]], [[15771, 20094], [-106, -80], [-9, -88], [-44, 19], [-67, -86], [6, -101], [-28, -45]], [[15523, 19713], [-100, 19], [-25, -77], [-37, -12]], [[15159, 18676], [-67, -22]], [[15413, 18939], [46, -22], [25, -66], [31, -11], [16, -96]], [[15531, 18744], [-24, -18], [-70, 9], [-41, 32], [-65, -1], [-22, -27]], [[15421, 19036], [-8, -97]], [[15351, 19443], [4, -35], [52, -91], [46, -1], [19, -121], [56, -51], [-12, -50]], [[15516, 19094], [-58, -72], [-37, 14]], [[15309, 18739], [-74, -98]], [[15235, 18641], [-76, 35]], [[17001, 20096], [-67, -22], [-5, 95], [28, 103], [-100, 2], [-36, 26], [-98, -6], [-15, -78], [-30, -55], [-68, -12], [-164, 14], [-41, -47], [-62, 11], [-53, 36]], [[16290, 20163], [18, 61], [-81, 84]], [[17007, 20098], [-6, -2]], [[15984, 20287], [-34, 12]], [[16227, 20308], [-72, -20], [-30, -38]], [[16125, 20250], [-109, -20], [-32, 57]], [[16147, 18503], [102, -33], [40, 11]], [[16289, 18481], [-49, -159], [-46, -202], [-11, -128], [6, -41], [64, -72], [-40, -85], [0, -64]], [[16213, 17730], [-69, 21], [-66, 48], [-1, 39], [-92, 13], [-21, 20], [-94, -43], [-34, 12]], [[15836, 17840], [-54, 21], [-2, 46]], [[15780, 17907], [-33, 72], [60, 74], [-14, 42], [-108, 4], [2, 67], [56, 22], [-41, 47]], [[15702, 18235], [-12, 27], [31, 62], [-22, 24]], [[15699, 18348], [52, -37], [85, 21]], [[15836, 18332], [81, -35], [69, 34], [44, -30], [29, 116]], [[16059, 18417], [-1, 34], [40, 75], [49, -23]], [[15780, 17907], [-107, -99], [-24, -44], [-42, 11], [-42, 68], [-45, -20], [-14, -117], [94, -98], [29, 5]], [[15629, 17613], [80, -77]], [[15709, 17536], [-25, -34]], [[15684, 17502], [-37, 26]], [[15647, 17528], [-80, -17], [-93, 78], [-47, -61], [-57, 93], [8, 54], [-29, 37], [4, 82], [-71, 23], [17, 49], [-109, 15], [-22, 39], [-64, 5]], [[15104, 17925], [-14, 24], [33, 143], [37, 18]], [[15160, 18110], [67, 11], [67, -21], [87, 110], [101, -45], [39, 26], [-28, 40]], [[15493, 18231], [23, -16], [59, 32], [127, -12]], [[17007, 20098], [-112, -91], [-121, -111], [20, -57], [-59, -97], [-67, -15], [-47, -104], [11, -39], [76, -62]], [[16708, 19522], [-84, -16], [-79, 68], [-52, -6], [-21, 35], [-72, 31], [-75, -11]], [[16325, 19623], [-41, 38], [-61, 23], [-84, -16]], [[16139, 19668], [37, 63], [1, 91], [-26, 16], [35, 135], [56, 59], [-2, 98], [50, 33]], [[16213, 17730], [-22, -52], [11, -151], [-75, -57], [-78, -129], [3, -135]], [[16052, 17206], [-64, -10], [-92, 9], [-44, 102], [-6, 69], [-37, 43], [5, 61], [-105, 56]], [[15629, 17613], [47, 67], [89, 39], [53, 46], [18, 75]], [[15531, 18744], [48, -54], [69, -17]], [[15648, 18673], [26, -102], [-46, -27], [13, -51], [-26, -78], [26, -49], [58, -18]], [[15493, 18231], [-61, 48], [-90, -27], [-54, 66], [-61, -94], [-69, -60], [2, -53]], [[15160, 18111], [-25, -1], [-43, 85], [-32, 27]], [[15060, 18222], [27, 69], [25, 166], [61, -4], [47, 38], [40, 71], [-25, 79]], [[16561, 19432], [58, -57], [-31, -51], [-37, -5], [-44, -123], [11, -14], [-69, -101]], [[16449, 19081], [-58, -2], [-11, 41], [-55, -20], [-52, -43], [-53, 54], [-88, -30]], [[16132, 19081], [-159, 54]], [[15973, 19135], [5, 68], [65, -9], [53, 81], [77, 7], [70, 54], [-7, 84], [50, 8]], [[16286, 19428], [71, -32], [42, 4], [46, 74], [37, -34], [79, -8]], [[16052, 17206], [-38, -52], [18, -83], [-14, -35], [-60, -51], [-135, -44], [-51, 59], [14, 49], [-72, 50], [-86, 32]], [[15628, 17131], [23, 93], [47, 22], [-3, 94], [19, 64], [-38, 70], [8, 28]], [[16708, 19522], [-61, -63], [-69, 32], [-17, -59]], [[16286, 19428], [12, 71], [38, 78], [-11, 46]], [[16059, 18417], [-71, 21], [-70, 77], [-53, 31], [-34, 56], [-62, 10], [-31, 49], [-47, 18]], [[15691, 18679], [62, 91], [57, -12], [50, 37], [-55, 72], [-61, 107], [8, 33], [-65, 80], [-30, 3]], [[15657, 19090], [45, 69]], [[15702, 19159], [47, -37], [49, 12], [72, -46]], [[15870, 19088], [119, -106], [14, -46], [72, -84], [37, -100], [57, -66]], [[16169, 18686], [-3, -16]], [[16166, 18670], [-44, -60], [-12, -71], [37, -36]], [[15060, 18222], [-85, 17]], [[14975, 18239], [-62, 87], [-13, 86], [-79, 74], [-61, 24]], [[14760, 18510], [0, 43], [33, 54]], [[15160, 18110], [0, 1]], [[15836, 18332], [15, 67], [-111, 104], [-53, 112], [-4, 63]], [[15683, 18678], [8, 1]], [[15648, 18673], [35, 5]], [[16169, 18686], [25, -6], [66, 69]], [[16260, 18749], [50, 22], [47, -33]], [[16357, 18738], [-16, -91], [-29, -71]], [[16312, 18576], [-58, 53], [-32, -5], [-56, 46]], [[16312, 18576], [-23, -95]], [[15516, 19094], [52, -10], [89, 6]], [[16132, 19081], [25, -146]], [[16157, 18935], [10, -83], [93, -103]], [[15870, 19088], [103, 47]], [[16157, 18935], [54, 18], [202, -29]], [[16413, 18924], [-56, -186]], [[16449, 19081], [-28, -81], [-8, -76]], [[15832, 19854], [81, -26]], [[15913, 19828], [88, -79], [34, -72]], [[16035, 19677], [6, -53], [38, -36], [30, -67], [-14, -41], [-93, 59], [-55, 15], [-41, -29], [-51, 20]], [[15855, 19545], [-11, 41], [-103, 5], [-1, 82], [-20, 61]], [[15720, 19734], [67, 23], [45, 97]], [[15523, 19713], [12, -39], [92, 3], [33, 82], [60, -25]], [[15855, 19545], [36, -109], [-90, -33], [13, -107], [-79, -65], [-39, 7], [6, -79]], [[16035, 19677], [42, 11], [62, -20]], [[16125, 20250], [-40, -169], [-81, -94], [-56, -40], [-35, -119]], [[15832, 19854], [-5, 69], [-48, 5], [-12, 79], [40, 35], [-36, 52]]], "objects": {"pref_45": {"type": "GeometryCollection", "geometries": [{"arcs": [[20, 21, 22, 23, 24, 25, 26, 27, 28]], "type": "Polygon", "properties": {"N03_001": "宮崎県", "N03_002": null, "N03_003": null, "N03_004": "宮崎市", "N03_007": "45201", "N03_EN": "MIYAZAKI SHI"}}, {"arcs": [[-25, 29, 30, 31, 32, 33, 34, 35, 36]], "type": "Polygon", "properties": {"N03_001": "宮崎県", "N03_002": null, "N03_003": null, "N03_004": "都城市", "N03_007": "45202", "N03_EN": "MIYAKONOJO SHI"}}, {"arcs": [[-15, -17, 37, 38, 39, 40]], "type": "Polygon", "properties": {"N03_001": "宮崎県", "N03_002": null, "N03_003": null, "N03_004": "延岡市", "N03_007": "45203", "N03_EN": "NOBEOKA SHI"}}, {"arcs": [[-23, 41, 42, -31, 43]], "type": "Polygon", "properties": {"N03_001": "宮崎県", "N03_002": null, "N03_003": null, "N03_004": "日南市", "N03_007": "45204", "N03_EN": "NICHINAN SHI"}}, {"arcs": [[-9, 44, 45, -26, -37, 46, 47, 48, -13]], "type": "Polygon", "properties": {"N03_001": "宮崎県", "N03_002": null, "N03_003": null, "N03_004": "小林市", "N03_007": "45205", "N03_EN": "KOBAYASHI SHI"}}, {"arcs": [[49, 50, 51, 52, 53]], "type": "Polygon", "properties": {"N03_001": "宮崎県", "N03_002": null, "N03_003": null, "N03_004": "日向市", "N03_007": "45206", "N03_EN": "HYUGA SHI"}}, {"arcs": [[-32, -43, 54, 55]], "type": "Polygon", "properties": {"N03_001": "宮崎県", "N03_002": null, "N03_003": null, "N03_004": "串間市", "N03_007": "45207", "N03_EN": "KUSHIMA SHI"}}, {"arcs": [[-39, 56, -54, 57]], "type": "Polygon", "properties": {"N03_001": "宮崎県", "N03_002": null, "N03_003": "東臼杵郡", "N03_004": "門川町", "N03_007": "45421", "N03_EN": "HIGASHIUSUKI GUN KADOGAWA CHO"}}, {"arcs": [[-29, 58, 59, 60, 61, 62, 63, 64]], "type": "Polygon", "properties": {"N03_001": "宮崎県", "N03_002": null, "N03_003": null, "N03_004": "西都市", "N03_007": "45208", "N03_EN": "SAITO SHI"}}, {"arcs": [[-2, -7, -14, -49, 65, 66, 67]], "type": "Polygon", "properties": {"N03_001": "宮崎県", "N03_002": null, "N03_003": null, "N03_004": "えびの市", "N03_007": "45209", "N03_EN": "EBINO SHI"}}, {"arcs": [[-24, -44, -30]], "type": "Polygon", "properties": {"N03_001": "宮崎県", "N03_002": null, "N03_003": "北諸県郡", "N03_004": "三股町", "N03_007": "45341", "N03_EN": "KITAMOROKATA GUN MIMATA CHO"}}, {"arcs": [[-36, 68, -47]], "type": "Polygon", "properties": {"N03_001": "宮崎県", "N03_002": null, "N03_003": "西諸県郡", "N03_004": "高原町", "N03_007": "45361",