{"type": "Topology", "transform": {"scale": [0.0005259715925207424, 0.00043289358342934705], "translate": [122.94015612240719, 24.045871946033515]}, "arcs": [[[21090, 22598], [-70, -15], [-17, 34], [-52, -5], [-35, -82], [-54, -17], [-75, 33]], [[20787, 22546], [-66, 91], [-40, -18], [-80, 11], [-52, -13], [-37, 33], [-97, 18], [-33, 53]], [[21339, 22274], [-71, 18], [-130, -11]], [[21138, 22281], [13, 65]], [[21151, 22346], [-17, 75], [5, 57], [-48, 76], [-1, 44]], [[21609, 21951], [-35, 27], [-93, -16], [-38, 33], [-43, -15]], [[21400, 21980], [-45, 113], [-31, 4]], [[21324, 22097], [-11, 44], [40, 63], [-14, 70]], [[18436, 21111], [-42, -36], [33, -46], [27, -78], [32, -15]], [[18486, 20936], [12, -87], [-23, -33]], [[19426, 22418], [7, -44]], [[19433, 22374], [-32, -62], [-48, -37], [-5, -66], [-79, -22], [-54, -174], [30, -32], [-6, -52], [-41, -29], [-43, -104]], [[19155, 21796], [-49, -17]], [[19106, 21779], [-169, -8]], [[19991, 22618], [-103, -2], [-17, -27], [-68, 23], [-56, -46]], [[19747, 22566], [-93, 38]], [[19654, 22604], [-39, -86], [-71, -31], [-51, 31], [-17, -59], [-50, -41]], [[20382, 22721], [-63, -22], [-59, 18], [-25, -28]], [[20235, 22689], [-63, 33], [-77, -78], [-3, -29]], [[20092, 22615], [-41, -14]], [[20051, 22601], [-60, 17]], [[18937, 21771], [-101, 20], [-69, -30], [29, -47], [-3, -53], [54, -80]], [[18475, 20816], [39, -44], [-2, -62], [28, -87], [-26, -70], [-43, -41]], [[18722, 21301], [-1, -11]], [[18721, 21290], [-28, -49], [7, -75], [-67, -17], [-28, -76], [-74, -77], [-95, 115]], [[18847, 21581], [13, -45], [45, -15], [34, -81]], [[18939, 21440], [-6, -29], [-77, -49], [-77, -22], [-57, -39]], [[20197, 22223], [41, -71], [-17, -59], [90, -119], [-41, -89]], [[20270, 21885], [-73, -54], [-159, -89]], [[20038, 21742], [-82, 121]], [[19956, 21863], [41, 31], [31, 90], [-107, 31], [-44, 148], [34, 47], [70, 27]], [[19981, 22237], [216, -14]], [[21475, 21706], [-45, -96], [-25, -164], [-23, -86], [-10, -100], [-86, 111], [-46, -8], [-12, 67], [-74, 81], [-62, 48]], [[21092, 21559], [61, 40], [81, 117]], [[21234, 21716], [44, 65], [120, 30]], [[21398, 21811], [60, -62], [17, -43]], [[21138, 22281], [24, -64], [-84, -64], [-26, -64], [24, -141]], [[21076, 21948], [-66, -81], [-18, -78], [-48, -74]], [[20944, 21715], [-22, 67], [-42, 39], [-150, 33], [-45, 21]], [[20685, 21875], [70, 49], [29, 83], [-14, 48]], [[20770, 22055], [42, 138]], [[20812, 22193], [56, -21], [84, 51], [79, 107], [120, 16]], [[20197, 22223], [-6, 61], [44, 30]], [[20235, 22314], [26, -8]], [[20261, 22306], [34, -56], [68, -53], [27, 10], [-4, -113], [42, -71]], [[20428, 22023], [-5, -105]], [[20423, 21918], [-153, -33]], [[20038, 21742], [-73, -20], [-17, -28]], [[19948, 21694], [-5, 62], [-41, 10], [-66, -53], [-112, -30], [-17, 62]], [[19707, 21745], [58, 98]], [[19765, 21843], [15, -9], [95, 49]], [[19875, 21883], [69, 9], [12, -29]], [[19952, 21674], [16, -20], [-94, -41], [-91, -3], [-40, -50], [-65, 9], [-54, -32], [4, -66]], [[19628, 21471], [-68, 89], [-63, -3], [-37, 48]], [[19460, 21605], [65, 14], [-3, 56], [95, 29]], [[19617, 21704], [90, 41]], [[19948, 21694], [4, -20]], [[18720, 20123], [0, 35], [-48, 67], [3, 67]], [[18675, 20292], [43, 21], [-3, 65]], [[18715, 20378], [64, -6], [139, 14], [44, 48], [-20, 27], [28, 74]], [[18970, 20535], [68, -60], [53, 23], [52, -17]], [[19143, 20481], [-29, -115], [-62, 6], [-4, -88], [13, -64], [70, -27], [37, -135], [-41, -14], [-51, 23], [-8, 43], [-57, 57], [-52, 27], [-90, 4], [-119, -96], [-30, 21]], [[18720, 20123], [-108, 50], [-21, 43], [-69, -37], [-63, -9], [-32, 56], [62, 72], [0, 63], [76, 65]], [[18565, 20426], [36, -42], [28, -72], [46, -20]], [[21609, 21951], [-39, -40], [-82, -155], [-13, -50]], [[21398, 21811], [40, 58], [-43, 56], [5, 55]], [[18715, 20378], [-33, 63], [107, 68], [14, 37]], [[18803, 20546], [119, 11], [48, -22]], [[19125, 20639], [-87, 91], [20, 85], [47, 98], [119, 55]], [[19224, 20968], [90, 97], [49, -7], [76, 61], [36, -13], [-58, -83], [21, -26]], [[19438, 20997], [-49, -95], [-38, -18], [-48, -121], [-92, 11], [-49, -36], [-37, -99]], [[18262, 20119], [47, -44], [0, -52], [-61, 32], [14, 64]], [[18486, 20936], [103, -53], [66, -48], [-19, -41], [86, -20], [66, -53], [-1, -134], [16, -41]], [[18565, 20426], [28, 14], [-21, 73], [-80, -15], [-21, 14]], [[18721, 21290], [59, -112], [2, -50], [80, -34], [73, -77], [68, -15], [71, 54], [94, -25], [66, -38], [-10, -25]], [[19125, 20639], [-9, -112], [27, -46]], [[20770, 22055], [-40, -38], [-50, -5], [-90, -136]], [[20590, 21876], [-60, 51], [-107, -9]], [[20428, 22023], [18, 34], [98, 6], [77, 46], [15, -37], [84, 79], [35, 54], [57, -12]], [[20261, 22306], [81, 45]], [[20342, 22351], [98, -87], [85, 65], [36, 47], [57, -18], [27, 42], [106, 75], [36, 71]], [[21092, 21559], [-10, 83], [-33, 18]], [[21049, 21660], [35, 42]], [[21084, 21702], [65, -12], [85, 26]], [[21049, 21660], [-35, 13]], [[21014, 21673], [60, 73]], [[21074, 21746], [10, -44]], [[21076, 21948], [83, -47]], [[21159, 21901], [-77, -53], [-8, -102]], [[21014, 21673], [-70, 42]], [[21159, 21901], [15, 12], [32, 136], [84, -3], [34, 51]], [[20685, 21875], [-95, 1]], [[20235, 22689], [6, -71], [89, -53], [-11, -62], [27, -53], [-4, -99]], [[20235, 22314], [-13, 75], [-57, 50], [5, 31], [-50, 116], [-28, 29]], [[19981, 22237], [-27, 50], [-100, 22], [-44, 71], [16, 49]], [[19826, 22429], [93, 30], [33, -6], [89, 38], [10, 110]], [[19826, 22429], [-17, 79], [-62, 58]], [[19875, 21883], [14, 56], [-69, 53], [-61, -18], [-42, 48]], [[19717, 22022], [-41, 15], [-44, 63], [-72, -18]], [[19560, 22082], [13, 78], [-10, 85], [-106, 74], [-24, 55]], [[19560, 22082], [-28, -18], [-7, -66], [-47, -32], [-19, -44], [-51, -40], [-4, -78], [25, -41]], [[19429, 21763], [-108, -55], [-55, 22], [-28, 63], [-83, 3]], [[19628, 21471], [-60, -28], [40, -47], [-28, -25], [37, -83], [-4, -54]], [[19613, 21234], [-52, -5], [-58, 42], [-19, 112], [-48, 16], [-43, -14], [-81, 16], [-76, 53], [-13, 54]], [[19223, 21508], [48, 75], [43, -32], [32, 108], [103, -10], [11, -44]], [[19617, 21704], [-47, 46], [-70, 30]], [[19500, 21780], [29, 90], [61, -26], [44, 51], [-9, 64], [76, 5]], [[19701, 21964], [27, -13], [37, -108]], [[19717, 22022], [-16, -58]], [[19500, 21780], [-71, -17]], [[19106, 21779], [14, -62], [-22, -73], [-55, -34], [25, -42], [52, -3], [-5, -44], [65, -44]], [[19180, 21477], [-5, -85], [-48, 6], [-56, -52], [-36, 63], [-96, 31]], [[19223, 21508], [-43, -31]], [[19613, 21234], [-38, -92], [-124, -110], [-13, -35]]], "objects": {"pref_39": {"type": "GeometryCollection", "geometries": [{"arcs": [[27, 28, 29, 30, 31]], "type": "Polygon", "properties": {"N03_001": "高知県", "N03_002": null, "N03_003": null, "N03_004": "高知市", "N03_007": "39201", "N03_EN": "KOCHI SHI"}}, {"arcs": [[32, 33, 34, 35]], "type": "Polygon", "properties": {"N03_001": "高知県", "N03_002": null, "N03_003": null, "N03_004": "室戸市", "N03_007": "39202", "N03_EN": "MUROTO SHI"}}, {"arcs": [[-4, 36, 37, 38, 39, 40, 41]], "type": "Polygon", "properties": {"N03_001": "高知県", "N03_002": null, "N03_003": null, "N03_004": "安芸市", "N03_007": "39203", "N03_EN": "AKI SHI"}}, {"arcs": [[-28, 42, 43, 44, 45, 46]], "type": "Polygon", "properties": {"N03_001": "高知県", "N03_002": null, "N03_003": null, "N03_004": "南国市", "N03_007": "39204", "N03_EN": "NANKOKU SHI"}}, {"arcs": [[-30, 47, 48, 49, 50, 51]], "type": "Polygon", "properties": {"N03_001": "高知県", "N03_002": null, "N03_003": null, "N03_004": "土佐市", "N03_007": "39205", "N03_EN": "TOSA SHI"}}, {"arcs": [[52, 53, 54, 55, -49, 56]], "type": "Polygon", "properties": {"N03_001": "高知県", "N03_002": null, "N03_003": null, "N03_004": "須崎市", "N03_007": "39206", "N03_EN": "SUSAKI SHI"}}, {"arcs": [[57, 58, 59, 60, 61]], "type": "Polygon", "properties": {"N03_001": "高知県", "N03_002": null, "N03_003": null, "N03_004": "土佐清水市", "N03_007": "39209", "N03_EN": "TOSASHIMIZU SHI"}}, {"arcs": [[-58, 62, 63]], "type": "Polygon", "properties": {"N03_001": "高知県", "N03_002": null,