{"type": "Topology", "transform": {"scale": [0.0005259715925207424, 0.00043289358342934705], "translate": [122.94015612240719, 24.045871946033515]}, "arcs": [[[27848, 28515], [-90, 7]], [[27758, 28522], [-54, 71], [-72, 4], [-25, -30], [-96, 28], [-29, 72], [-64, -13], [-6, -32], [-73, -27], [-6, 84], [-74, 9], [-40, -31], [-82, -31], [-102, 43], [-92, -95], [-31, -73], [-70, -27]], [[26842, 28474], [-11, -98], [-59, -47], [-36, -52], [-52, -29]], [[26684, 28248], [-32, 8], [24, 87], [-31, 55], [-90, 50], [-33, -35], [-100, 4], [10, -33], [-31, -71], [-65, -7]], [[26336, 28306], [43, -76], [68, -34], [-13, -35], [-84, -128], [-64, -47], [28, -45], [-30, -83]], [[26284, 27858], [-20, -44]], [[26264, 27814], [19, -43]], [[26283, 27771], [-55, -46], [-16, -121], [43, -11], [6, -79], [69, -18], [-10, -48], [57, -39], [35, -124], [-57, -31], [-24, -103]], [[26331, 27151], [-67, 23], [-57, -3], [-27, -37], [-84, -16]], [[26096, 27118], [-25, 32], [-79, -23], [-23, 22], [-51, -47], [-89, 23], [-22, -60]], [[25807, 27065], [-99, 38], [-87, 9]], [[25621, 27112], [-75, 29], [-37, -19]], [[25509, 27122], [-56, -27], [-18, -56], [17, -45], [-67, -109], [-21, -59]], [[27871, 27674], [27, 78], [-10, 42], [-69, 25], [-41, 49], [33, 101], [44, 25], [8, 60], [-23, 70], [87, 134], [36, 24], [-4, 121]], [[27959, 28403], [-51, 53], [-61, 18], [1, 41]], [[27936, 26226], [-35, 74], [-42, 37], [69, 70], [4, 74]], [[27824, 26037], [51, 32], [-6, 111], [-44, 48]], [[27825, 26228], [82, -19], [29, 17]], [[27800, 25973], [24, 64]], [[27932, 26481], [-46, 56], [-63, 25], [-7, 82], [-61, 11], [-47, 54], [60, 99], [-68, 73]], [[27658, 26960], [-53, 103], [-113, 33], [-16, 53], [-60, -6]], [[27416, 27143], [-65, 37], [12, 66], [47, 5], [45, 115], [108, 29], [73, -25]], [[27700, 26881], [-42, 79]], [[27636, 27370], [14, 45]], [[27650, 27415], [68, 60], [46, 100], [89, 55], [18, 44]], [[26380, 26533], [54, -74], [14, -71], [65, -27], [-7, -29]], [[26506, 26332], [-112, -42], [-18, -91]], [[26376, 26199], [-52, 29], [-44, -49]], [[26280, 26179], [-64, -51]], [[26216, 26128], [-77, -10]], [[26139, 26118], [4, 34]], [[26143, 26152], [29, 54], [-24, 49]], [[26148, 26255], [10, 83]], [[26158, 26338], [-1, 82], [-29, 76], [27, 63]], [[26155, 26559], [40, -52], [155, -82], [30, 108]], [[25784, 26128], [64, -54]], [[25848, 26074], [-54, -27], [39, -148]], [[25833, 25899], [-41, -52], [-76, 6], [-48, -48], [-49, 2]], [[25619, 25807], [-67, 54], [18, 20], [5, 87]], [[25575, 25968], [20, 30]], [[25595, 25998], [52, -1], [97, 135], [40, -4]], [[26139, 26118], [0, -15]], [[26139, 26103], [-30, 50]], [[26109, 26153], [34, -1]], [[25942, 26247], [29, -34], [78, -13]], [[26049, 26200], [22, -15]], [[26071, 26185], [10, -69], [-38, -42], [2, -47]], [[26045, 26027], [-55, -43]], [[25990, 25984], [-61, 109], [-33, 6]], [[25896, 26099], [0, 61], [-28, 17], [5, 68]], [[25873, 26245], [69, 2]], [[27650, 27415], [-72, 63], [-9, 42], [-65, 22], [-50, -47], [-46, 64], [-21, 60], [-95, -36], [-65, 2], [-52, 80], [-93, 35], [-121, -119], [-35, -138]], [[26926, 27443], [-45, -30], [-18, 61], [-40, 49], [-76, -21], [-48, -78], [-45, 141], [-54, 63], [-67, 51], [-96, -45], [-63, 15], [-32, 84], [-59, 38]], [[26284, 27858], [101, -28], [74, 28], [76, -2], [53, -24], [55, 68], [-30, 44], [26, 154]], [[26639, 28098], [24, -33], [114, -12], [87, 19], [27, 39], [71, -74], [73, 73], [33, -6], [68, 69], [95, 61], [27, 42], [99, 6], [66, 17], [12, 52], [-22, 63], [86, -6], [35, 62], [46, -5], [178, 57]], [[27007, 26175], [1, -62], [60, -107], [-2, -77]], [[27066, 25929], [-85, 54], [-67, -7]], [[26914, 25976], [-28, 3], [-67, 110]], [[26819, 26089], [3, 58]], [[26822, 26147], [60, 22], [65, -12], [60, 18]], [[26331, 27151], [10, -34], [63, -21], [10, -49], [41, -19], [-29, -105], [76, -112]], [[26502, 26811], [-45, -39], [-27, -97], [40, -159], [60, -32], [15, 38], [56, 2], [90, 169], [0, 33]], [[26691, 26726], [2, 61], [62, 26], [22, -25], [57, 48], [-6, 72]], [[26828, 26908], [91, -34], [-15, -111]], [[26904, 26763], [-52, -19], [-20, -69], [35, -53], [-52, -48]], [[26815, 26574], [-53, -29], [-45, -67]], [[26717, 26478], [-83, -2], [27, -89]], [[26661, 26387], [-6, -51]], [[26655, 26336], [-22, -40]], [[26633, 26296], [-83, 39], [-44, -3]], [[26380, 26533], [10, 66], [-59, 77], [32, 36], [-3, 106], [-61, 28], [-8, 37], [-89, 26], [17, 39], [-66, 13]], [[26153, 26961], [-28, 40], [3, 86], [-32, 31]], [[27825, 26228], [-68, -51], [-89, -33], [-48, 16], [-62, 106], [52, 54], [-55, 74], [-77, 22], [-2, 61], [-83, 11], [-12, 82]], [[27381, 26570], [12, 35], [72, -2], [25, 26], [-12, 81]], [[27478, 26710], [38, 42], [-14, 80], [-61, 25], [-56, 55]], [[27385, 26912], [-24, 35]], [[27361, 26947], [5, 123], [50, 73]], [[26502, 26811], [36, -16], [52, -102], [51, 32], [50, 1]], [[27208, 26377], [42, -30], [113, -24], [35, -49], [-31, -101], [-62, -85], [62, -14], [-12, -88], [-38, -9]], [[27317, 25977], [-61, -1]], [[27256, 25976], [10, 66], [-70, 28], [-48, 62], [-4, 82], [-44, 23]], [[27100, 26237], [18, 153]], [[27118, 26390], [90, -13]], [[26216, 26128], [47, -27]], [[26263, 26101], [-48, -104], [-45, -56]], [[26170, 25941], [-51, -80]], [[26119, 25861], [-40, 38], [39, 48], [-10, 32]], [[26108, 25979], [-13, 36]], [[26095, 26015], [44, 88]], [[27800, 25973], [-91, -45], [-99, -67], [-71, -32], [-15, 31], [-55, -1], [-6, 43], [-78, -2], [1, 37], [-69, 40]], [[27208, 26377], [69, 101], [-34, 44]], [[27243, 26522], [103, 19], [35, 29]], [[26815, 26574], [27, 2]], [[26842, 26576], [11, -52], [-51, -75], [29, -38], [65, -23]], [[26896, 26388], [-6, -45]], [[26890, 26343], [-1, -3]], [[26889, 26340], [-21, -20]], [[26868, 26320], [-38, 12], [-86, -34]], [[26744, 26298], [-61, 51], [-28, -13]], [[26661, 26387], [92, 42], [-36, 49]], [[27007, 26175], [29, 50]], [[27036, 26225], [64, 12]], [[27256, 25976], [-98, -79], [-67, -9]], [[27091, 25888], [-25, 41]], [[26633, 26296], [24, -34]], [[26657, 26262], [1, -34], [-76, -48]], [[26582, 26180], [-55, -2]], [[26527, 26178], [-111, -51]], [[26416, 26127], [-76, 23]], [[26340, 26150], [47, 35]], [[26387, 26185], [-11, 14]], [[26822, 26147], [-87, 39], [-45, 57], [28, 41]], [[26718, 26284], [26, 14]], [[26868, 26320], [66, -20], [102, -75]], [[26890, 26343], [55, 20]], [[26945, 26363], [-56, -23]], [[26155, 26559], [-26, 77], [-38, 60], [3, 55], [46, 80], [13, 130]], [[26109, 26153], [-38, 32]], [[26049, 26200], [-2, 38]], [[26047, 26238], [-14, 57]], [[26033, 26295], [92, -22]], [[26125, 26273], [23, -18]], [[26639, 28098], [0, 65], [45, 85]], [[26158, 26338], [-37, -17], [4, -48]], [[26033, 26295], [52, 151], [-12, 35]], [[26073, 26481], [-49, 143], [-121, 35], [-9, 97], [-45, 38], [-39, 72], [41, 52], [-14, 121], [-30, 26]], [[26926, 27443], [120, -151], [-82, -62], [15, -68], [3, -146], [-120, -48], [-34, -60]], [[27361, 26947], [-88, -46], [-32, 16], [-47, -54], [-48, 16], [-39, -58], [-109, -73]], [[26998, 26748], [-53, -9], [-41, 24]], [[26119, 25861], [4, -29]], [[26123, 25832], [6, -66], [-21, -25], [1, -125]], [[26109, 25616], [-51, 30], [-58, 5], [-40, 71]], [[25960, 25722], [-62, 57], [-48, 103]], [[25850, 25882], [63, 25], [69, -75], [37, 56]], [[26019, 25888], [89, 91]], [[26387, 26185], [-107, -6]], [[26340, 26150], [-37, 8], [-40, -57]], [[25848, 26074], [48, 25]], [[25990, 25984], [-5, -72], [34, -24]], [[25850, 25882], [-17, 17]], [[25784, 26128], [-72, 89]], [[25712, 26217], [14, 46], [87, 53]], [[25813, 26316], [11, -38], [49, -33]], [[25595, 25998], [38, 111], [-20, 50], [62, 45]], [[25675, 26204], [37, 13]], [[25942, 26247], [0, 52], [30, 41]], [[25972, 26340], [75, -102]], [[26045, 26027], [50, -12]], [[26073, 26481], [-116, -53], [0, -60]], [[25957, 26368], [-78, 26], [-48, -19], [-18, -59]], [[25675, 26204], [-62, 67], [27, 69], [-46, 50], [-27, 62], [28, 38], [-55, 107], [-52, -54]], [[25488, 26543], [-44, 78], [1, 108], [-66, 9], [-15, 88]], [[25972, 26340], [-15, 28]], [[26718, 26284], [-61, -22]], [[26842, 26576], [91, -18], [32, -60]], [[26965, 26498], 