{"type": "Topology", "transform": {"scale": [0.0005259715925207424, 0.00043289358342934705], "translate": [122.94015612240719, 24.045871946033515]}, "arcs": [[[23479, 25703], [-109, 11], [-14, -31]], [[23356, 25683], [-34, -8], [-38, 69], [-9, 59], [-36, 10], [-11, 95], [-91, 12], [-79, -67], [-35, 57], [-74, 18], [-6, 36], [-133, 51]], [[22810, 26015], [-39, 75], [11, 118], [22, 38]], [[22804, 26246], [22, 13], [85, -64], [110, 50], [2, 101]], [[22999, 26546], [-83, -7], [-57, -46], [-63, -7], [-21, 62], [-72, 59], [-35, 53], [21, 79], [-12, 86]], [[23635, 25409], [10, 48], [43, 23], [-15, 51]], [[23673, 25531], [-18, 73], [-74, 14], [-31, 31], [-63, -18], [-8, 72]], [[23023, 26346], [-18, 71], [-6, 129]], [[23703, 24605], [73, 48], [0, 26]], [[23776, 24679], [28, 9]], [[23804, 24688], [-30, 82]], [[23774, 24770], [-7, 54]], [[23767, 24824], [-33, 23]], [[23734, 24847], [-9, 110], [35, 64]], [[23760, 25021], [15, 42]], [[23775, 25063], [-49, 33], [91, 44]], [[23817, 25140], [-49, 24], [-44, -12]], [[23724, 25152], [-139, 76], [18, 133], [-28, 3]], [[23575, 25364], [-4, 39], [64, 6]], [[23506, 24656], [-30, -35], [-64, -9]], [[23412, 24612], [-22, 73], [37, 46], [-10, 45]], [[23417, 24776], [19, 21]], [[23436, 24797], [70, -141]], [[23412, 24612], [-72, -14]], [[23340, 24598], [-36, 94]], [[23304, 24692], [-6, 43], [119, 41]], [[23277, 24543], [-30, -52]], [[23247, 24491], [-17, 55], [-39, 51]], [[23191, 24597], [61, 48]], [[23252, 24645], [25, -102]], [[23247, 24491], [-53, -12]], [[23194, 24479], [-29, 100]], [[23165, 24579], [26, 18]], [[23194, 24479], [-88, -18]], [[23106, 24461], [8, 38], [-40, 54]], [[23074, 24553], [-12, 43], [44, 30]], [[23106, 24626], [59, -47]], [[23106, 24461], [-91, -23], [-51, 42]], [[22964, 24480], [23, 38]], [[22987, 24518], [38, 37], [49, -2]], [[23304, 24692], [-52, -47]], [[23106, 24626], [-5, 111], [-54, 22]], [[23047, 24759], [61, 60], [-37, 37], [19, 42], [58, 50], [47, -26], [35, 39], [-7, 71], [24, 16]], [[23247, 25048], [116, -38], [99, 31]], [[23462, 25041], [25, -57]], [[23487, 24984], [-63, -44], [-52, 7], [0, -75], [70, -25], [-5, -48]], [[23437, 24799], [-1, -2]], [[23347, 24572], [48, -74], [-53, -2], [-30, 55], [35, 21]], [[23340, 24598], [-63, -55]], [[22987, 24518], [-103, -2], [-22, 122], [-100, 23]], [[22762, 24661], [69, 26], [24, 70]], [[22855, 24757], [55, 25], [67, -22], [70, -1]], [[21954, 24546], [26, -60], [-77, 12], [51, 48]], [[22397, 25427], [-27, -77]], [[22370, 25350], [1, -106], [42, -82], [70, -8], [54, -39]], [[22537, 25115], [-15, -71], [52, -47]], [[22574, 24997], [-28, -62], [-41, -2], [3, -54]], [[22508, 24879], [-30, -42], [-3, -82]], [[22475, 24755], [-95, 33], [-35, -14], [-61, 31], [-145, -35], [-28, -25]], [[22111, 24745], [7, 50], [-31, 69]], [[22087, 24864], [50, 32], [83, -5], [-8, 51], [-73, 39]], [[22139, 24981], [23, 53], [-37, 28], [-18, 75], [5, 62]], [[22112, 25199], [-7, 64], [53, 94], [-6, 48], [51, 96], [102, 19]], [[22305, 25520], [92, -93]], [[23703, 24605], [-66, -8]], [[23637, 24597], [22, 63], [-20, 139]], [[23639, 24799], [47, -47], [88, 18]], [[22964, 24480], [-87, 2], [-82, 63], [-42, 12], [-70, 61]], [[22683, 24618], [38, 42]], [[22721, 24660], [18, 11]], [[22739, 24671], [23, -10]], [[23487, 24984], [35, -8], [49, -98], [-68, -33], [46, -47], [51, -18], [37, 27]], [[23637, 24807], [2, -8]], [[23637, 24597], [-92, 74]], [[23545, 24671], [-56, 115], [-52, 13]], [[22729, 23916], [-2, -106], [40, -38], [6, -45], [49, -46], [15, -71], [-153, -61]], [[22684, 23549], [-70, 68], [2, 91], [24, 55], [-90, 37], [-114, 9]], [[22436, 23809], [90, 172]], [[22526, 23981], [105, -16], [98, -49]], [[23545, 24671], [-39, -16], [0, 1]], [[23637, 24807], [53, 55]], [[23690, 24862], [44, -15]], [[21929, 24739], [-44, -3]], [[21885, 24736], [16, 34], [-64, 48], [-32, 81], [6, 62]], [[21811, 24961], [15, 83], [54, 50]], [[21880, 25094], [61, 5], [21, -62], [-53, -53], [76, -111], [-1, -64], [-50, -32], [-5, -38]], [[22804, 26246], [-147, 0]], [[22657, 26246], [-92, 102], [-114, -20], [-19, -51], [-179, 16]], [[22253, 26293], [-26, 44], [25, 72], [-49, 55], [83, 162], [49, 7], [43, 59], [6, 79], [37, 54]], [[22421, 26825], [78, 2], [41, 24], [89, -62], [48, 36]], [[22684, 23549], [-80, -43], [-55, -50], [-48, 1], [-78, -27], [-6, 42], [-59, 36], [20, 38], [-73, 26], [-20, 62], [24, 94], [75, 11], [52, 70]], [[22253, 26293], [-10, -48], [-40, -1], [-33, -43], [-47, 16], [-89, -1], [-50, -66]], [[21984, 26150], [-60, 32], [19, 71], [-8, 42]], [[21935, 26295], [26, 46], [3, 87], [47, 49], [61, 7], [-12, 106], [78, 48], [-24, 96], [-70, 14], [-33, 95]], [[22011, 26843], [41, 10], [47, -35], [71, 7], [26, -41], [62, 45], [94, -14], [69, 10]], [[22574, 24997], [84, -30], [48, -33]], [[22706, 24934], [63, -31], [22, -37]], [[22791, 24866], [14, -72]], [[22805, 24794], [-104, -54], [38, -69]], [[22721, 24660], [-49, 16], [-34, -29]], [[22638, 24647], [-39, -21], [-34, 60]], [[22565, 24686], [1, 77], [22, 20], [-80, 96]], [[21885, 24736], [-34, 28], [-32, -80], [-59, -12], [-41, 34], [-46, -5], [-34, -39]], [[21639, 24662], [-10, 51], [25, 70], [-25, 65], [-40, 36]], [[21589, 24884], [51, 21], [29, 59], [86, -27], [56, 24]], [[23111, 25431], [-69, -106]], [[23042, 25325], [-16, -74], [-148, -56], [-82, 12]], [[22796, 25207], [-68, 16], [-5, 38]], [[22723, 25261], [68, 26], [1, 35], [96, 144]], [[22888, 25466], [89, 4], [2, -32], [70, -25], [62, 18]], [[23462, 25041], [-10, 72], [64, 34], [-7, 71]], [[23509, 25218], [41, -49], [6, -100], [18, -52], [41, -27]], [[23615, 24990], [51, -47], [45, -13], [-21, -68]], [[22855, 24757], [-50, 37]], [[22791, 24866], [26, -10], [115, 60], [44, 49]], [[22976, 24965], [54, 24], [17, 48], [45, 5], [62, 98]], [[23154, 25140], [56, 22], [37, -114]], [[22565, 24686], [-76, 42], [-14, 27]], [[23615, 24990], [109, 162]], [[22706, 24934], [36, 81], [10, 79]], [[22752, 25094], [57, -14], [10, -40], [105, 35], [49, -50], [3, -60]], [[23154, 25140], [-49, 83]], [[23105, 25223], [87, 8], [111, 136], [92, 12], [18, -48], [63, 0]], [[23476, 25331], [43, -62], [-10, -51]], [[22537, 25115], [22, 119]], [[22559, 25234], [78, 113]], [[22637, 25347], [30, -78], [56, -8]], [[22796, 25207], [7, -56], [-51, -57]], [[23575, 25364], [-35, -27], [-64, -6]], [[23105, 25223], [2, 61], [-65, 41]], [[23111, 25431], [55, 57], [-30, 76], [80, 42], [110, -4], [37, 50], [-7, 31]], [[22657, 26246], [-13, -75], [-68, -12], [-31, -29], [-16, -189], [-73, 3], [-97, 22], [-11, -87]], [[22348, 25879], [-78, 11], [-37, 58], [-64, -28], [-41, 69], [-137, 97]], [[21991, 26086], [-7, 64]], [[22888, 25466], [-56, -1], [-6, 56], [-30, 33], [36, 106], [16, 84], [-20, 56], [-54, -6]], [[22774, 25794], [-33, 83], [69, 138]], [[22774, 25794], [-33, -40]], [[22741, 25754], [-42, -45], [-66, -30], [-37, -64], [-67, 18], [-30, -38], [-74, 35], [-27, 105]], [[22398, 25735], [-44, 65], [-6, 79]], [[22526, 23981], [58, 95], [54, 20], [77, 123], [90, 45], [93, 125], [35, 13], [45, -76], [-58, -71], [-5, -53], [-65, -78], [-109, -163], [-12, -45]], [[22112, 25199], [-98, 46], [-65, 76]], [[21949, 25321], [-16, 50], [-51, 11], [-28, 89], [21, 72], [-63, 47], [-8, 56]], [[21804, 25646], [5, 90], [-53, 18]], [[21756, 25754], [-1, 63], [38, 44]], [[21793, 25861], [62, -27], [78, 46], [74, 65], [-16, 141]], [[22398, 25735], [-97, -42], [-26, -134], [30, -39]], [[22111, 24745], [-89, 49], [-55, -17], [-38, -38]], [[21880, 25094], [-7, 70], [-29, 14]], [[21844, 25178], [5, 35], [58, 19], [42, 89]], [[22139, 24981], [-46, -50], [-6, -67]], [[22637, 25347], [-20, 96]], [[22617, 25443], [27, 100], [48, 84], [53, 49], [-4, 78]], [[22683, 24618], [-45, 29]], [[22397, 25427], [119, -36], [101, 52]], [[22559, 25234], [-68, -4], [-71, 44], [-50, 76]], [[21589, 24884], [-55, 18], [-24, 72], [29, 74], [49, 43]], [[21588, 25091], [47, 57], [30, -16], [47, 39], [104, -10], [28, 17]], [[21588, 25091], [-77, 89]], [[21511, 25180], [43, 40], [10, 77], [-34, 46], [64, 61], [35, 0], [5, 93], [58, 16], [34, 131], [78, 2]], 