{"type": "Topology", "transform": {"scale": [0.0005259715925207424, 0.00043289358342934705], "translate": [122.94015612240719, 24.045871946033515]}, "arcs": [[[19638, 25438], [-56, 49], [-114, -27], [-82, 16]], [[17474, 24630], [57, -46], [-39, -78]], [[17492, 24506], [-44, -99], [16, -65]], [[17464, 24342], [-23, -48], [-56, -58], [-60, -17], [-10, -41], [40, -103]], [[17953, 24830], [-19, 15], [-74, -26], [-35, 27], [-32, -57], [-38, 48], [-68, 21], [0, -53], [-39, -79], [-97, -46], [-77, -50]], [[18922, 25547], [-62, -29]], [[19386, 25476], [-28, 22], [-118, -6], [-51, -30], [-63, 67], [-99, -50], [-73, 25], [-32, 43]], [[18860, 25518], [-61, -72], [-36, -76], [-80, -86]], [[18683, 25284], [-33, -71], [-123, -23]], [[18527, 25190], [-17, -41], [-80, -64]], [[18430, 25085], [130, -58], [16, -69]], [[18576, 24958], [-67, -6], [-15, -35], [-91, 26], [-75, -64], [-80, -48]], [[18248, 24831], [-137, 15], [-56, 45], [-72, -87], [-30, 26]], [[19976, 24104], [16, 34], [-11, 110]], [[19981, 24248], [-50, 99], [-50, 22], [-23, 50], [34, 116], [-33, 25], [-28, 79]], [[19831, 24639], [-2, 75]], [[19829, 24714], [-9, 52], [25, 96], [-94, 103]], [[19751, 24965], [4, 7]], [[19755, 24972], [-62, 77], [-2, 154], [47, 74], [-1, 36], [-99, 125]], [[18033, 23841], [35, 75], [35, 38]], [[18103, 23954], [11, -27]], [[18114, 23927], [-16, -81], [-43, -36]], [[18055, 23810], [-26, 23]], [[18029, 23833], [4, 8]], [[18103, 23954], [4, 24]], [[18107, 23978], [49, 41]], [[18156, 24019], [69, 10], [47, 36], [41, -63]], [[18313, 24002], [-60, -43]], [[18253, 23959], [-70, -31], [-8, -34]], [[18175, 23894], [-61, 33]], [[18210, 23831], [0, -1]], [[18210, 23835], [0, -4]], [[18175, 23894], [31, -33]], [[18206, 23861], [3, -23]], [[18209, 23838], [-22, -22], [-132, -6]], [[18029, 23833], [-85, -5]], [[17944, 23828], [-14, 40], [60, 58], [23, 50]], [[18013, 23976], [94, 2]], [[18013, 23976], [-92, 52], [-65, -22], [-46, 83], [64, 57], [6, 49]], [[17880, 24195], [67, -10], [44, -71], [56, 27], [97, -19], [24, -35], [-12, -68]], [[17880, 24195], [29, 43]], [[17909, 24238], [57, 55], [1, 68], [27, 25]], [[17994, 24386], [66, -24], [48, 50], [151, -69]], [[18259, 24343], [65, -46], [68, 86], [35, -9], [89, 16], [29, -47], [-21, -42], [24, -69]], [[18548, 24232], [-58, -10], [-40, -60], [-67, -35], [-16, -76]], [[18367, 24051], [-54, -49]], [[18212, 23818], [-17, -7]], [[18195, 23811], [17, 10]], [[18212, 23821], [0, -3]], [[18212, 23818], [67, -29]], [[18279, 23789], [4, -49]], [[18283, 23740], [-38, -19]], [[18245, 23721], [-33, 97]], [[18367, 24051], [119, -46], [-44, -89], [26, -70], [-50, -36]], [[18418, 23810], [-9, 46], [-84, 3]], [[18325, 23859], [-62, 27], [-53, -55]], [[18210, 23835], [-1, 3]], [[18206, 23861], [47, 98]], [[17944, 23828], [-59, -10]], [[17885, 23818], [-45, 53], [-20, 71], [-111, 9], [-36, 39], [-76, -35], [-13, 190]], [[17584, 24145], [50, 37], [45, -15], [20, 51], [106, 49], [90, 8], [14, -37]], [[18839, 23448], [37, -45], [-96, -60], [-28, 50], [87, 55]], [[18242, 23457], [40, -50], [-65, -49], [53, -19], [-5, -47], [43, -31], [-26, -76], [-102, 48], [-7, -28], [-69, -20], [-28, 50], [78, 61], [27, 127], [61, 34]], [[18508, 23462], [18, -34], [-31, -39], [-37, 36], [50, 37]], [[18579, 23465], [90, -27], [11, -35], [-93, -8], [-58, 21], [50, 49]], [[18283, 23740], [96, -14]], [[18379, 23726], [81, -12], [27, -53], [76, 57], [92, 46], [14, -86], [49, -44]], [[18718, 23634], [-47, -83], [-115, -13], [-38, -57], [-80, -17], [-67, 39], [-94, -59], [-41, 64], [-46, 172]], [[18190, 23680], [55, 41]], [[19146, 23755], [-125, 16], [-26, -23], [-71, 1], [-74, -70]], [[18850, 23679], [0, 137], [-133, 46], [51, 64], [73, 36], [61, -29], [28, 51]], [[18930, 23984], [15, -68], [68, -59], [0, -37], [85, -25], [48, -40]], [[18930, 23984], [4, 85], [25, 23], [-49, 100], [-57, 14], [-10, 47], [63, 33], [23, 55]], [[18929, 24341], [54, 17], [64, -32], [79, -60], [79, 32], [85, -58]], [[19290, 24240], [-64, -74], [57, -51], [47, 24], [51, -111], [36, -45], [-29, -34], [31, -43]], [[19419, 23906], [-50, -28], [-66, 15], [-22, -92], [-78, -40], [-57, -6]], [[19380, 23726], [25, -68], [-122, -72], [-17, 70], [43, 48], [71, 22]], [[19415, 23823], [111, -93], [-32, -43], [-4, -57], [-67, 55], [-35, 103], [27, 35]], [[19536, 23939], [38, -5], [-44, -101], [-44, -14], [-37, 70], [87, 50]], [[19290, 24240], [75, 18], [31, 60]], [[19396, 24318], [67, -75], [84, -20]], [[19547, 24223], [34, -49], [-7, -42], [-47, -51], [50, -54], [14, -55]], [[19591, 23972], [-172, -66]], [[19976, 24104], [-3, -78], [-27, -52], [-87, -8], [-35, -119], [-61, 28], [-94, 16], [-24, 59], [-54, 22]], [[19547, 24223], [26, -6], [66, 62], [-7, 46], [-51, 54], [-6, 97]], [[19575, 24476], [44, 17], [115, 9], [36, 62], [56, 25], [5, 50]], [[19396, 24318], [31, 74], [1, 55], [-66, 23], [-73, 55]], [[19289, 24525], [30, 71], [7, 96]], [[19326, 24692], [58, 48], [57, -2]], [[19441, 24738], [-2, -79], [54, -33], [-9, -102], [91, -48]], [[18683, 25284], [32, 10], [89, -41], [38, -105], [44, -47], [20, -130], [142, -130], [49, 23], [78, -51], [-17, -59], [38, -26], [59, 41], [75, -8], [-4, -69]], [[19289, 24525], [-45, -24], [-83, 61], [-63, -3], [-35, -46], [-134, 62], [-34, -47], [-4, -115]], [[18891, 24413], [-79, -18], [-70, 35]], [[18742, 24430], [-29, 44], [46, 119], [-71, 22], [29, 89], [-38, 35], [25, 42], [7, 75], [-131, 28], [-4, 74]], [[19751, 24965], [-97, 2], [-14, -53], [-51, -40], [-35, 78], [-118, 14], [-53, -68], [19, -33], [-13, -54], [57, -47], [-5, -26]], [[17679, 23598], [-22, -60], [35, -57]], [[17692, 23481], [-99, -8]], [[17593, 23473], [16, 37], [-86, 14], [-44, 100], [-16, 77]], [[17463, 23701], [85, 42], [-13, -70], [58, -30], [45, 24], [41, -69]], [[18548, 24232], [29, 44], [47, 6], [35, 40], [59, 20], [24, 88]], [[18891, 24413], [38, -72]], [[18850, 23679], [-67, 48], [-33, -19], [-32, -74]], [[18379, 23726], [2, 59], [37, 25]], [[17859, 23713], [29, -44], [-15, -39], [-70, -70], [-60, -26], [-10, 39], [44, 85], [82, 55]], [[17464, 24342], [79, -98], [-1, -38], [42, -61]], [[17885, 23818], [6, -7], [9, -11], [-65, -39], [-74, -106], [-82, -57]], [[17463, 23701], [8, 49], [-110, 65], [11, 79], [-16, 62], [23, 63], [-24, 56]], [[18259, 24343], [49, 67], [65, 167], [-55, 28], [23, 84], [-35, 26], [2, 45], [-60, 71]], [[17958, 23404], [60, -43], [-57, -20], [-3, 63]], [[18137, 23679], [36, -64], [-17, -153], [-34, -45], [35, -65], [-53, -46], [-39, 2], [3, 78], [-43, 64], [-63, 62], [4, 85], [57, -7], [48, -81], [65, 22], [-69, 67], [-14, 54], [84, 27]], [[18325, 23859], [-46, -70]], [[18212, 23821], [-2, 9]], [[18190, 23680], [-25, 45], [30, 86]], [[17492, 24506], [67, -20], [25, 65], [51, -23], [59, 35], [33, -36], [104, 105], [41, 0], [35, -79], [-26, -43], [22, -86], [91, -38]], [[18995, 23652], [14, -27], [-41, -90], [2, -40], [-72, -25], [-72, 40], [85, 89], [40, 7], [44, 46]]], "objects": {"pref_34": {"type": "GeometryCollection", "geometries": [{"arcs": [[19, 20, 21, 22, 23]], "type": "Polygon", "properties": {"N03_001": "広島県", "N03_002": null, "N03_003": "広島市", "N03_004": "中区", "N03_007": "34101", "N03_EN": "HIROSHIMA SHI NAKA KU"}}, {"arcs": [[-21, 24, 25, 26, 27, 28, 29]], "type": "Polygon", "properties": {"N03_001": "広島県", "N03_002": null, "N03_003": "広島市", "N03_004": "東区", "N03_007": "34102", "N03_EN": "HIROSHIMA SHI HIGASHI KU"}}, {"arcs": [[-22, -30, 32, 33, 34]], "type": "Polygon", "properties": {"N03_001": "広島県", "N03_002": null, "N03_003": "広島市", "N03_004": "南区", "N03_007": "34103", "N03_EN": "HIROSHIMA SHI MINAMI KU"}}, {"arcs": [[-20, -24, 35, 36, 37, -25]], "type": "Polygon", "properties": {"N03_001": "広島県", "N03_002": null, "N03_003": "広島市", "N03_004": "西区", "N03_007": "34104", "N03_EN": "HIROSHIMA SHI NISHI KU"}}, {"arcs": [[-26, -38, 38, 39]], "type": "Polygon", "properties": {"N03_001": "広島県", "N03_002": null, "N03_003": "広島市", "N03_004": "安佐南区", "N03_007": "34105", "N03_EN": "HIROSHIMA SHI ASAMINAMI KU"}}, {"arcs": [[-27, -40, 40, 41, 42, 43, 44, 45]],