{"type": "Topology", "transform": {"scale": [0.0005259715925207424, 0.00043289358342934705], "translate": [122.94015612240719, 24.045871946033515]}, "arcs": [[[32913, 29946], [-5, 38], [-94, 6], [-12, 86], [-38, 11], [-42, 55]], [[32361, 30279], [-180, -14]], [[31408, 29854], [-6, -36], [-121, -100]], [[32181, 30265], [-66, -32], [-31, -40], [13, -72]], [[32097, 30121], [-84, 9], [-48, -42], [-80, -5], [-65, -27], [-22, -38], [-56, -20], [-45, -42], [-61, -20], [-163, -86], [-65, 4]], [[32722, 30142], [-92, 62], [-70, 15], [-79, 36], [-108, 11]], [[32373, 30266], [-12, 13]], [[32937, 29770], [-40, 24]], [[32897, 29794], [19, 45], [-24, 86], [21, 21]], [[31842, 28076], [1, 5]], [[31843, 28081], [74, 9], [110, 51]], [[32027, 28141], [69, 27]], [[32096, 28168], [38, 87], [16, 80], [88, -5], [13, -26]], [[32787, 28535], [32, 79]], [[32919, 28821], [-21, 144], [9, 61], [-26, 30]], [[32881, 29056], [12, 62], [-37, 54]], [[32856, 29172], [23, 60], [111, 29]], [[32251, 28304], [19, 84]], [[32270, 28388], [97, 37], [2, 38], [90, 21], [55, -3]], [[32514, 28481], [42, 16], [5, 50]], [[32561, 28547], [85, -13], [63, 37]], [[32709, 28571], [23, -37], [55, 1]], [[32819, 28614], [2, 50], [52, 112], [46, 45]], [[32990, 29261], [-16, 49], [-41, 33], [-16, 82]], [[32917, 29425], [24, 17], [-1, 87], [-27, 55], [10, 47], [-15, 83], [29, 56]], [[32258, 29281], [63, -67], [28, -53], [1, -68]], [[32350, 29093], [29, -75], [43, -14]], [[32422, 29004], [31, -156], [-17, -86]], [[32436, 28762], [-54, 15], [-17, -73]], [[32365, 28704], [-98, 44], [-71, -59]], [[32196, 28689], [-62, 51]], [[32134, 28740], [-39, 55]], [[32095, 28795], [20, 34], [-66, 103], [-9, 47], [-56, 10], [-38, 50]], [[31946, 29039], [94, 57], [-12, 142], [60, 30], [45, -23], [22, 43]], [[32155, 29288], [103, -7]], [[31554, 28265], [-69, -13]], [[31485, 28252], [-69, -10], [-39, 39]], [[31377, 28281], [-53, 63], [14, 38], [-100, 78]], [[31238, 28460], [-18, 41], [87, 143]], [[31307, 28644], [45, -21], [40, 19], [51, -52], [46, -73], [22, -129], [65, 5], [-10, -51], [-47, -49], [35, -28]], [[31842, 28076], [-45, 17]], [[31797, 28093], [-11, 56], [-79, 99]], [[31707, 28248], [0, 122], [-13, 101], [39, 24], [29, 77], [-19, 48], [-102, 83], [-35, 58]], [[31606, 28761], [44, -8], [35, -49], [18, -11], [30, 51], [70, 15], [89, -31], [61, -2], [20, -32]], [[31973, 28694], [19, -59], [51, -82], [35, -10]], [[32078, 28543], [-29, -30]], [[32049, 28513], [-99, -97], [3, -48], [-42, -39], [16, -38], [-68, -95], [-3, -66]], [[31856, 28130], [-13, -49]], [[31307, 28644], [57, 47], [-36, 66], [63, 127]], [[31391, 28884], [60, 66]], [[31451, 28950], [59, -34], [42, -108], [54, -47]], [[31707, 28248], [-52, -13]], [[31655, 28235], [-54, -3], [-47, 33]], [[32095, 28795], [-100, -56], [-22, -45]], [[31451, 28950], [-33, 65]], [[31418, 29015], [83, 59], [-17, 76], [47, 41], [-3, 59], [71, 15], [35, -108], [47, -41], [73, -33], [64, 62], [61, 0], [26, -49], [-16, -42], [57, -15]], [[32097, 30121], [-58, -101], [-63, -7], [-7, -82], [-27, -33], [14, -119], [45, -38], [9, -44]], [[32010, 29697], [-10, -107], [-65, -50], [-14, -86], [14, -67], [220, -99]], [[31418, 29015], [-73, -12], [-27, 16], [-115, 16], [-45, 43]], [[31158, 29078], [16, 135], [37, 35], [27, 87], [-33, 67]], [[31205, 29402], [40, 24], [7, 47], [55, 52], [-103, 51], [11, 53], [66, 89]], [[32027, 28141], [-38, 38], [-72, 8], [-61, -57]], [[32049, 28513], [28, -35], [55, -13], [4, -38], [90, 30], [42, -6]], [[32268, 28451], [2, -63]], [[32268, 28451], [19, 75]], [[32287, 28526], [22, 75], [56, 103]], [[32436, 28762], [68, -17], [25, 47]], [[32529, 28792], [43, -40]], [[32572, 28752], [-17, -185], [6, -20]], [[32917, 29425], [-39, 42], [-4, 82], [-26, 12], [-153, -134], [-85, 30], [-87, -54]], [[32523, 29403], [-70, 22], [-31, 43]], [[32422, 29468], [-100, 87], [-36, 71]], [[32286, 29626], [40, 16], [45, -73], [58, 2], [-1, 40], [45, 39], [-28, 35], [55, 34], [19, 52], [50, -26], [72, 29]], [[32641, 29774], [51, 0], [93, 31], [112, -11]], [[32422, 29468], [-17, -74], [-87, -100]], [[32318, 29294], [-41, 15], [-29, 77], [-63, 49], [19, 25], [-52, 98], [-40, 13], [-79, 137]], [[32033, 29708], [92, 49], [23, -40], [138, -91]], [[32373, 30266], [-57, -24], [-9, -75], [31, -125], [122, -66], [36, -70], [80, -51], [83, 15], [6, -68], [-24, -28]], [[32033, 29708], [-23, -11]], [[32258, 29281], [60, 13]], [[32523, 29403], [72, -30], [-2, -38]], [[32593, 29335], [-101, -155]], [[32492, 29180], [-47, -34], [-71, -5], [-24, -48]], [[32881, 29056], [-96, -77], [-30, 47], [-56, 0]], [[32699, 29026], [-62, 30], [-41, -52]], [[32596, 29004], [-10, 44], [-32, -5], [3, 64], [-65, 73]], [[32593, 29335], [73, -65], [52, 18], [55, -99], [83, -17]], [[32196, 28689], [-20, -115], [111, -48]], [[32078, 28543], [36, 53], [20, 144]], [[32572, 28752], [38, 46], [92, 29]], [[32702, 28827], [17, -101], [21, -41], [-31, -114]], [[32702, 28827], [-22, 54], [36, 105], [-17, 40]], [[32529, 28792], [68, 87], [0, 121]], [[32597, 29000], [-1, 4]], [[32422, 29004], [39, -50], [59, 14], [-1, 48], [43, 20], [35, -36]]], "objects": {"pref_9": {"type": "GeometryCollection", "geometries": [{"arcs": [[25, 26, 27, 28, 29, 30, 31, 32, 33, 34]], "type": "Polygon", "properties": {"N03_001": "栃木県", "N03_002": null, "N03_003": null, "N03_004": "宇都宮市", "N03_007": "09201", "N03_EN": "UTSUNOMIYA SHI"}}, {"arcs": [[35, 36, 37, 38, 39]], "type": "Polygon", "properties": {"N03_001": "栃木県", "N03_002": null, "N03_003": null, "N03_004": "足利市", "N03_007": "09202", "N03_EN": "ASHIKAGA SHI"}}, {"arcs": [[-10, 40, 41, 42, 43, 44, 45, 46, 47]], "type": "Polygon", "properties": {"N03_001": "栃木県", "N03_002": null, "N03_003": null, "N03_004": "栃木市", "N03_007": "09203", "N03_EN": "TOCHIGI SHI"}}, {"arcs": [[-40, 48, 49, 50, -43, 51, 52]], "type": "Polygon", "properties": {"N03_001": "栃木県", "N03_002": null, "N03_003": null, "N03_004": "佐野市", "N03_007": "09204", "N03_EN": "SANO SHI"}}, {"arcs": [[-33, 53, -44, -51, 54, 55]], "type": "Polygon", "properties": {"N03_001": "栃木県", "N03_002": null, "N03_003": null, "N03_004": "鹿沼市", "N03_007": "09205", "N03_EN": "KANUMA SHI"}}, {"arcs": [[-3, -5, 56, 57, -34, -56, 58, 59, 60]], "type": "Polygon", "properties": {"N03_001": "栃木県", "N03_002": null, "N03_003": null, "N03_004": "日光市", "N03_007": "09206", "N03_EN": "NIKKO SHI"}}, {"arcs": [[-12, 61, -47, 62, 63, -18, -13]], "type": "Polygon", "properties": {"N03_001": "栃木県", "N03_002": null, "N03_003": null, "N03_004": "小山市", "N03_007": "09208", "N03_EN": "OYAMA SHI"}}, {"arcs": [[-19, -64, 64, 65, -29, 66, 67, 68, -20]], "type": "Polygon", "properties": {"N03_001": "栃木県", "N03_002": null, "N03_003": null, "N03_004": "真岡市", "N03_007": "09209", "N03_EN": "MOKA SHI"}}, {"arcs": [[-8, -25, 69, 70, 71, 72, 73]], "type": "Polygon", "properties": {"N03_001": "栃木県", "N03_002": null, "N03_003": null, "N03_004": "大田原市", "N03_007": "09210", "N03_EN": "OTAWARA SHI"}}, {"arcs": [[-72, 74, 75, 76]], "type": "Polygon", "properties": {"N03_001": "栃木県", "N03_002": null, "N03_003": null, "N03_004": "矢板市", "N03_007": "09211", "N03_EN": "YAITA SHI"}}, {"arcs": [[-2, -7, 77, -73, -77, 78, -57, -4]], "type": "Polygon", "properties": {"N03_001": "栃木県", "N03_002": null, "N03_003": null, "N03_004": "那須塩原市", "N03_007": "09213", "N03_EN": "NASUSHIOBARA SHI"}}, {"arcs": [[-26, 79, -75, -71, 80, 81, 82]], "type": "Polygon", "properties": {"N03_001": "栃木県", "N03_002": null, "N03_003": null, "N03_004": "さくら市", "N03_007": "09214", "N03_EN": "SAKURA SHI"}}, {"arcs": [[-16, 83, 84, 85, -82, 86]], "type": "Polygon", "properties": {"N03_001": "栃木県", "N03_002": null, "N03_003": null, "N03_004": "那須烏山市", "N03_007": "09215", "N03_EN": "NASUKARASUYAMA SHI"}}, {"arcs": [[-31, 87, -65, -63, -46, 88]], "type": "Polygon", "properties": {"N03_001": "栃木県", "N03_002": null, "N03_003": null, "N03_004": "下野市", "N03_007": "09216", "N03_EN": "SHIMOTSUKE SHI"}}, {"arcs": [[-30, -66, -88]], "type": "Polygon", "properties": {"N03_001": "栃木県", "N03_002": null, "N03_003": "河内郡",