{"type": "Topology", "transform": {"scale": [0.0005259715925207424, 0.00043289358342934705], "translate": [122.94015612240719, 24.045871946033515]}, "arcs": [[[22182, 23228], [-41, -113], [28, -77]], [[22169, 23038], [-85, 3], [-17, -75], [49, -20], [-11, -39]], [[22105, 22907], [-55, -16], [-97, 29]], [[21953, 22920], [20, 63], [-29, 63], [-62, -32]], [[21882, 23014], [-43, 44], [-1, 59]], [[21838, 23117], [81, 21], [-19, 113]], [[21900, 23251], [55, -10], [79, 41]], [[22034, 23282], [20, -27], [66, 41]], [[22120, 23296], [62, -68]], [[22251, 23548], [-54, -105], [-46, 17], [51, 66], [49, 22]], [[22205, 23320], [-81, 33], [-32, -26]], [[22092, 23327], [-57, -30]], [[22035, 23297], [-82, 39]], [[21953, 23336], [-16, 71], [-75, 28]], [[21862, 23435], [2, 40]], [[21864, 23475], [60, 2], [47, 36], [86, 4], [56, 26], [37, -31], [-8, -53], [73, -47], [33, -2], [-43, -90]], [[22169, 23038], [22, -63], [76, -13]], [[22267, 22962], [-76, -82], [-98, -25]], [[22093, 22855], [12, 52]], [[22267, 22962], [25, -48], [59, -31], [18, -60], [-18, -51], [-76, -72], [-19, -52], [117, 1], [-13, -33], [90, -9], [-132, -64]], [[22318, 22543], [-8, 27], [-185, -69], [-54, 45], [-39, -4]], [[22032, 22542], [-35, 43], [85, 108], [-64, 11], [-45, -20], [-56, 10]], [[21917, 22694], [1, 52], [46, 43], [73, 16], [56, 50]], [[21926, 22259], [-157, -72]], [[21769, 22187], [-56, 105], [61, 52]], [[21774, 22344], [66, -7], [40, 19], [46, -97]], [[22318, 22543], [-58, -36], [-53, -5], [-76, -39], [-27, -72], [-44, -43], [-134, -89]], [[21774, 22344], [4, 14]], [[21778, 22358], [62, 86], [91, 37], [101, 61]], [[21783, 23196], [13, -81]], [[21796, 23115], [-132, -51], [-9, -39], [-59, -16], [-91, -60]], [[21505, 22949], [-89, 5], [-41, 78], [29, 31], [-22, 78]], [[21382, 23141], [97, 14], [139, 3], [44, 31], [118, 19]], [[21780, 23208], [3, -12]], [[21382, 23141], [-15, 43], [58, 77], [22, 112], [-23, 25]], [[21424, 23398], [98, 20], [160, -25], [60, -2]], [[21742, 23391], [-15, -37], [53, -146]], [[21505, 22949], [-12, -52], [-34, -19], [8, -96]], [[21467, 22782], [15, -38], [-92, -14], [-49, -46], [-32, 9], [-71, -39], [-28, 5]], [[21210, 22659], [-12, 45]], [[21198, 22704], [61, 35], [7, 72], [-48, 7], [17, 170], [18, 45], [-58, 95], [-33, -24], [-134, -23]], [[21028, 23081], [-1, 86]], [[21027, 23167], [42, 23], [53, 76]], [[21122, 23266], [138, 3], [32, 35], [-7, 40]], [[21285, 23344], [38, 36]], [[21323, 23380], [34, 20], [67, -2]], [[21210, 22659], [-120, -61]], [[21090, 22598], [-70, -15], [-17, 34], [-52, -5], [-35, -82], [-54, -17], [-75, 33]], [[20787, 22546], [-66, 91], [-40, -18], [-80, 11], [-52, -13], [-37, 33], [-97, 18], [-33, 53]], [[20382, 22721], [52, 80], [-22, 38], [31, 69], [-31, 69], [6, 46]], [[20418, 23023], [80, 23], [36, 64]], [[20534, 23110], [85, 69], [67, -14]], [[20686, 23165], [70, -87], [66, -2], [50, -135], [61, -6], [42, -32]], [[20975, 22903], [5, -81], [55, -18], [84, -98], [79, -2]], [[21028, 23081], [-2, -1]], [[21026, 23080], [-57, 1], [-87, 29], [-39, 116]], [[20843, 23226], [37, 33], [104, -90], [43, -2]], [[21917, 22694], [-74, -26]], [[21843, 22668], [37, 52], [7, 90], [-43, 34], [4, 52]], [[21848, 22896], [69, -12], [36, 36]], [[21843, 22668], [-130, -23], [-47, 37], [-20, 51], [-51, 54]], [[21595, 22787], [10, 36], [70, -2], [115, 61]], [[21790, 22882], [58, 14]], [[21790, 22882], [20, 78], [72, 54]], [[21838, 23117], [-42, -2]], [[21783, 23196], [116, 58]], [[21899, 23254], [1, -3]], [[21595, 22787], [-69, 17], [-59, -22]], [[21778, 22358], [-142, 18], [-107, -27], [-104, -6], [-88, -49], [2, -20]], [[21339, 22274], [-71, 18], [-130, -11]], [[21138, 22281], [13, 65]], [[21151, 22346], [-17, 75], [5, 57], [-48, 76], [-1, 44]], [[21769, 22187], [-4, -60], [-64, -95], [-69, -4], [-23, -77]], [[21609, 21951], [-35, 27], [-93, -16], [-38, 33], [-43, -15]], [[21400, 21980], [-45, 113], [-31, 4]], [[21324, 22097], [-11, 44], [40, 63], [-14, 70]], [[22120, 23296], [-28, 31]], [[22205, 23320], [-29, -50], [6, -42]], [[22034, 23282], [1, 15]], [[21899, 23254], [-1, 10]], [[21898, 23264], [55, 72]], [[21898, 23264], [-31, -6], [-54, 99]], [[21813, 23357], [39, 29], [10, 49]], [[21742, 23391], [71, -34]], [[20975, 22903], [44, 42], [16, 110], [-9, 25]], [[20686, 23165], [3, 42]], [[20689, 23207], [135, 37], [19, -18]]], "objects": {"pref_36": {"type": "GeometryCollection", "geometries": [{"arcs": [[0, 1, 2, 3, 4, 5, 6, 7, 8]], "type": "Polygon", "properties": {"N03_001": "徳島県", "N03_002": null, "N03_003": null, "N03_004": "徳島市", "N03_007": "36201", "N03_EN": "TOKUSHIMA SHI"}}, {"arcs": [[[9]], [[10, 11, 12, 13, 14, 15]]], "type": "MultiPolygon", "properties": {"N03_001": "徳島県", "N03_002": null, "N03_003": null, "N03_004": "鳴門市", "N03_007": "36202", "N03_EN": "NARUTO SHI"}}, {"arcs": [[-2, 16, 17, 18]], "type": "Polygon", "properties": {"N03_001": "徳島県", "N03_002": null, "N03_003": null, "N03_004": "小松島市", "N03_007": "36203", "N03_EN": "KOMATSUSHIMA SHI"}}, {"arcs": [[-18, 19, 20, 21, 22]], "type": "Polygon", "properties": {"N03_001": "徳島県", "N03_002": null, "N03_003": null, "N03_004": "阿南市", "N03_007": "36204", "N03_EN": "ANAN SHI"}}, {"arcs": [[23, 24, 25]], "type": "Polygon", "properties": {"N03_001": "徳島県", "N03_002": null, "N03_003": "海部郡", "N03_004": "牟岐町", "N03_007": "36383", "N03_EN": "KAIFU GUN MUGI CHO"}}, {"arcs": [[-21, 26, -26, 27, 28]], "type": "Polygon", "properties": {"N03_001": "徳島県", "N03_002": null, "N03_003": "海部郡", "N03_004": "美波町", "N03_007": "36387", "N03_EN": "KAIFU GUN MINAMI CHO"}}, {"arcs": [[29, 30, 31, 32, 33]], "type": "Polygon", "properties": {"N03_001": "徳島県", "N03_002": null, "N03_003": null, "N03_004": "吉野川市", "N03_007": "36205", "N03_EN": "YOSHINOGAWA SHI"}}, {"arcs": [[-33, 34, 35, 36]], "type": "Polygon", "properties": {"N03_001": "徳島県", "N03_002": null, "N03_003": null, "N03_004": "阿波市", "N03_007": "36206", "N03_EN": "AWA SHI"}}, {"arcs": [[-32, 37, 38, 39, 40, 41, 42, 43, 44, 45, -35]], "type": "Polygon", "properties": {"N03_001": "徳島県", "N03_002": null, "N03_003": null, "N03_004": "美馬市", "N03_007": "36207", "N03_EN": "MIMA SHI"}}, {"arcs": [[[-40, 46, 47, 48, 49, 50, 51, 52, 53]], [[-42, 54, 55, 56]]], "type": "MultiPolygon", "properties": {"N03_001": "徳島県", "N03_002": null, "N03_003": null, "N03_004": "三好市", "N03_007": "36208", "N03_EN": "MIYOSHI SHI"}}, {"arcs": [[-3, -19, -23, 57, 58, 59]], "type": "Polygon", "properties": {"N03_001": "徳島県", "N03_002": null, "N03_003": "勝浦郡", "N03_004": "勝浦町", "N03_007": "36301", "N03_EN": "KATSURA GUN KATSURA CHO"}}, {"arcs": [[-59, 60, 61, 62]], "type": "Polygon", "properties": {"N03_001": "徳島県", "N03_002": null, "N03_003": "勝浦郡", "N03_004": "上勝町", "N03_007": "36302", "N03_EN": "KATSURA GUN KAMIKATSU CHO"}}, {"arcs": [[-4, -60, -63, 63]], "type": "Polygon", "properties": {"N03_001": "徳島県", "N03_002": null, "N03_003": "名東郡", "N03_004": "佐那河内村", "N03_007": "36321", "N03_EN": "MYODO GUN SANAGOCHI SON"}}, {"arcs": [[-6, 64, -30, 65, 66]], "type": "Polygon", "properties": {"N03_001": "徳島県", "N03_002": null, "N03_003": "名西郡", "N03_004": "石井町", "N03_007": "36341", "N03_EN": "MYOZAI GUN ISHII CHO"}}, {"arcs": [[-5, -64, -62, 67, -38, -31, -65]], "type": "Polygon", "properties": {"N03_001": "徳島県", "N03_002": null, "N03_003": "名西郡", "N03_004": "神山町", "N03_007": "36342", "N03_EN": "MYOZAI GUN KAMIYAMA CHO"}}, {"arcs": [[-22, -29, 68, 69, 70, 71, -47, -39, -68, -61, -58]], "type": "Polygon", "properties": {"N03_001": "徳島県", "N03_002": null, "N03_003": "那賀郡", "N03_004": "那賀町", "N03_007": "36368", "N03_EN": "NAKA GUN NAKA CHO"}}, {"arcs": [[-25, 72, 73, 74, 75, -69, -28]], "type": "Polygon", "properties": {"N03_001": "徳島県", "N03_002": null, "N03_003": "海部郡", "N03_004": "海陽町", "N03_007": "36388", "N03_EN": "KAIFU GUN KAIYO CHO"}}, {"arcs": [[-9, 76, -11, 77]], "type": "Polygon", "properties": {"N03_001": "徳島県", "N03_002": null, "N03_003": "板野郡", "N03_004": "松茂町", "N03_007": "36401", "N03_EN": "ITANO GUN MATSUSHIGE CHO"}}, {"arcs": [[-8, 78, -12, -77]], "type": "Polygon",