{"type": "Topology", "transform": {"scale": [0.0005259715925207424, 0.00043289358342934705], "translate": [122.94015612240719, 24.045871946033515]}, "arcs": [[[25833, 25899], [-41, -52], [-76, 6], [-48, -48], [-49, 2]], [[26109, 25616], [-51, 30], [-58, 5], [-40, 71]], [[25960, 25722], [-62, 57], [-48, 103]], [[25850, 25882], [-17, 17]], [[26164, 25578], [-55, 38]], [[26295, 25354], [-33, 73], [-7, 64], [-67, 56]], [[26188, 25547], [-24, 31]], [[25758, 24848], [74, 22], [82, -17]], [[25914, 24853], [-60, -94], [-33, -151], [53, -64], [1, -83]], [[25875, 24461], [-33, 27], [-130, 6], [-31, -50], [-33, 21], [-74, -61], [-2, -35], [-58, -106], [-43, -45], [21, -51], [-82, -107], [-100, -31], [-88, 2]], [[25222, 24031], [26, 155], [-19, 30], [-81, -20]], [[25148, 24196], [-11, 65]], [[25137, 24261], [65, 42]], [[25202, 24303], [105, 40], [-11, 107], [39, 101], [81, 128], [32, 73], [32, 20], [-56, 86]], [[25424, 24858], [19, 29], [101, 3], [25, 33], [87, 12], [30, -67], [72, -20]], [[25901, 25453], [70, -36]], [[25971, 25417], [79, -13]], [[26050, 25404], [30, -42]], [[26080, 25362], [31, -43]], [[26111, 25319], [-42, -30], [-18, -214]], [[26051, 25075], [-156, 32], [-69, 38], [-31, 40], [-52, 23], [-73, 69], [-51, -8]], [[25619, 25269], [12, 35]], [[25631, 25304], [79, -21], [158, 25], [25, 81], [-47, 3], [8, 75]], [[25854, 25467], [47, -14]], [[26381, 24115], [-65, -90], [11, -53]], [[26327, 23972], [-53, -27], [-30, -62]], [[26244, 23883], [-191, 32]], [[26053, 23915], [0, 94], [14, 40]], [[26067, 24049], [6, 57], [-21, 54], [19, 33]], [[26071, 24193], [-14, 40], [29, 70]], [[26086, 24303], [64, -45], [41, -6], [94, -71], [83, -12], [13, -54]], [[25875, 24461], [-10, -30], [113, -49]], [[25978, 24382], [15, -19], [-10, -100], [-35, -59]], [[25948, 24204], [-154, -55], [-49, -35], [-48, 6], [-65, -25], [1, -81], [-29, -55]], [[25604, 23959], [-55, -25], [-104, -7], [-96, 7], [-42, -119], [-123, -35], [-6, -40], [-47, -21], [-55, 6]], [[25076, 23725], [-51, 46], [-22, 61]], [[25003, 23832], [-41, 62], [50, 106]], [[25012, 24000], [119, 32], [91, -1]], [[26188, 25547], [21, -94], [46, -65]], [[26255, 25388], [-94, -35]], [[26161, 25353], [-36, 42]], [[26125, 25395], [-75, 9]], [[25971, 25417], [24, 81], [-35, 74]], [[25960, 25572], [-40, 71], [8, 57], [32, 22]], [[25758, 24848], [-6, 76], [21, 68], [-3, 84], [-85, 13], [-59, 90], [-45, 14]], [[25581, 25193], [38, 76]], [[26051, 25075], [-20, -53], [-117, -169]], [[25137, 24261], [-42, 25], [-62, -7]], [[25033, 24279], [-45, 7], [-63, 49], [-7, 47], [31, 45]], [[24949, 24427], [4, 73], [40, 57]], [[24993, 24557], [87, 13], [85, -153], [37, -114]], [[25405, 23223], [-55, -37], [-37, 12]], [[25313, 23198], [49, 58], [43, -33]], [[25279, 23195], [16, -112], [69, -36], [-18, -39], [-1, -80], [-60, -6], [-14, -49]], [[25271, 22873], [-36, 20], [-86, 2], [-55, 21], [-13, 70], [22, 70], [-81, -2]], [[25022, 23054], [-14, 94], [21, 110]], [[25029, 23258], [78, 14], [42, -65], [111, 0], [19, -12]], [[25424, 24858], [-64, 8], [21, 71], [-12, 68]], [[25369, 25005], [157, 80], [13, 86], [42, 22]], [[26381, 24115], [96, -9], [3, -59], [90, -8], [16, -72], [-28, -57], [-74, -21]], [[26484, 23889], [-12, 42], [-54, -15], [-91, 56]], [[26484, 23889], [59, -73], [-36, -24], [6, -111], [-29, -55], [-56, -49], [-40, -4], [-103, 24], [1, 40], [121, -16], [-1, 73], [-80, -32], [-135, 31]], [[26191, 23693], [76, 90], [-23, 100]], [[26191, 23693], [-65, 93], [-53, -106], [2, -22], [-131, -69], [-30, 73], [-123, -57], [-7, -75], [-64, 1], [-71, -29]], [[25649, 23502], [-26, 81], [31, 68], [37, 16], [8, 67], [67, 12], [38, 29]], [[25804, 23775], [39, -31], [106, -14], [56, 119], [37, 18], [11, 48]], [[25313, 23198], [-34, -3]], [[25029, 23258], [-5, 63], [19, 60]], [[25043, 23381], [66, 7], [21, 33], [66, 21], [-7, 36], [54, 83], [100, 67]], [[25343, 23628], [35, -6], [45, -67], [86, -6], [30, -41], [3, -57]], [[25542, 23451], [-39, 24], [-29, -35], [-68, -30], [-50, -93], [49, -94]], [[25271, 22873], [-65, -59], [-53, -20], [-64, -58], [-56, 5], [-77, -115]], [[24956, 22626], [-39, 52], [-20, 68], [-102, -5], [-66, -145]], [[24729, 22596], [-51, -85], [-36, -23]], [[24642, 22488], [-19, 48], [-67, 43], [4, 122]], [[24560, 22701], [32, -26]], [[24592, 22675], [50, 55], [-39, 55]], [[24603, 22785], [54, 21]], [[24657, 22806], [39, 53], [76, -26], [30, 89], [53, 13], [-18, 82]], [[24837, 23017], [37, 62], [62, -3]], [[24936, 23076], [86, -22]], [[25960, 25572], [-43, -62], [-16, -57]], [[25854, 25467], [-48, 45], [-70, 7], [-66, -15]], [[25670, 25504], [12, 87], [-24, 15], [36, 71], [-87, 60]], [[25607, 25737], [12, 70]], [[24993, 24557], [-20, 49], [-39, 12]], [[24934, 24618], [31, 27], [-30, 55]], [[24935, 24700], [-48, 41], [-15, 82]], [[24872, 24823], [97, 29], [93, 158], [-67, 9], [28, 46], [57, -31], [94, 7], [33, -37], [100, -28], [62, 29]], [[26295, 25354], [-40, 34]], [[25631, 25304], [-6, 42]], [[25625, 25346], [-1, 73], [46, 40], [0, 45]], [[26125, 25395], [-45, -33]], [[26161, 25353], [-50, -34]], [[25948, 24204], [23, -41]], [[25971, 24163], [-34, -47], [-7, -78]], [[25930, 24038], [-49, -3]], [[25881, 24035], [-64, 11], [-127, -80], [-86, -7]], [[26071, 24193], [-9, -5], [-64, 2], [-27, -27]], [[25978, 24382], [82, -27], [26, -52]], [[25881, 24035], [-50, -35]], [[25831, 24000], [-52, -2], [-84, -91], [-17, -63], [-55, -8], [-84, -57], [-35, -47], [-57, -1], [-14, -38], [-89, -31], [-1, -34]], [[25043, 23381], [-35, 65]], [[25008, 23446], [41, 35], [-9, 43], [41, 52], [-71, 115], [66, 34]], [[26067, 24049], [-137, -11]], [[25804, 23775], [16, 129], [26, 47], [-15, 49]], [[25649, 23502], [-107, -51]], [[24956, 22626], [-66, -158]], [[24890, 22468], [-90, 108], [-71, 20]], [[24890, 22468], [-37, -113]], [[24853, 22355], [-55, 30], [-37, -27], [-45, 33], [-74, 97]]], "objects": {"pref_24": {"type": "GeometryCollection", "geometries": [{"arcs": [[7, 8, 9, 10, 11, 12, 13, 14]], "type": "Polygon", "properties": {"N03_001": "三重県", "N03_002": null, "N03_003": null, "N03_004": "津市", "N03_007": "24201", "N03_EN": "TSU SHI"}}, {"arcs": [[15, 16, 17, 18, 19, 20, 21, 22, 23]], "type": "Polygon", "properties": {"N03_001": "三重県", "N03_002": null, "N03_003": null, "N03_004": "四日市市", "N03_007": "24202", "N03_EN": "YOKKAICHI SHI"}}, {"arcs": [[24, 25, 26, 27, 28, 29, 30]], "type": "Polygon", "properties": {"N03_001": "三重県", "N03_002": null, "N03_003": null, "N03_004": "伊勢市", "N03_007": "24203", "N03_EN": "ISE SHI"}}, {"arcs": [[-10, 31, 32, 33, 34, 35, 36, 37]], "type": "Polygon", "properties": {"N03_001": "三重県", "N03_002": null, "N03_003": null, "N03_004": "松阪市", "N03_007": "24204", "N03_EN": "MATSUSAKA SHI"}}, {"arcs": [[-2, -5, -7, 38, 39, 40, 41, -17, 42, 43]], "type": "Polygon", "properties": {"N03_001": "三重県", "N03_002": null, "N03_003": null, "N03_004": "桑名市", "N03_007": "24205", "N03_EN": "KUWANA SHI"}}, {"arcs": [[-8, 44, 45, -21, 46]], "type": "Polygon", "properties": {"N03_001": "三重県", "N03_002": null, "N03_003": null, "N03_004": "鈴鹿市", "N03_007": "24207", "N03_EN": "SUZUKA SHI"}}, {"arcs": [[-13, 47, 48, 49, 50]], "type": "Polygon", "properties": {"N03_001": "三重県", "N03_002": null, "N03_003": null, "N03_004": "名張市", "N03_007": "24208", "N03_EN": "NABARI SHI"}}, {"arcs": [[[51, 52]], [[53, 54, 55, 56]]], "type": "MultiPolygon", "properties": {"N03_001": "三重県", "N03_002": null, "N03_003": null, "N03_004": "尾鷲市", "N03_007": "24209", "N03_EN": "OWASE SHI"}}, {"arcs": [[-15, 57, 58, -45]], "type": "Polygon", "properties": {"N03_001": "三重県", "N03_002": null, "N03_003": null, "N03_004": "亀山市", "N03_007": "24210", "N03_EN": "KAMEYAMA SHI"}}, {"arcs": [[-25, 59, 60]], "type": "Polygon", "properties": {"N03_001": "三重県", "N03_002": null, "N03_003": null, "N03_004": "鳥羽市", "N03_007": "24211", "N03_EN": "TOBA SHI"}}, {"arcs": [[-26, -61, 61, 62]], "type": "Polygon", "properties": {"N03_001": "三重県", "N03_002": null, "N03_003": null, "N03_004": "志摩市", "N03_007": "24215", "N03_EN": "SHIMA SHI"}}, {"arcs": [[-27, -63, 63, 64, 65]],