{"type": "Topology", "transform": {"scale": [0.0005259715925207424, 0.00043289358342934705], "translate": [122.94015612240719, 24.045871946033515]}, "arcs": [[[14793, 18607], [-41, 14], [-84, 67], [-7, 36]], [[14547, 18804], [-17, -72], [-48, -2], [-32, -38], [-91, -9], [-32, -26]], [[14327, 18657], [-66, -19], [-73, 14], [-30, 63], [-50, 49]], [[14661, 18724], [-55, 11], [-23, 71], [-36, -2]], [[15684, 17502], [-37, 26]], [[15647, 17528], [-80, -17], [-93, 78], [-47, -61], [-57, 93], [8, 54], [-29, 37], [4, 82], [-71, 23], [17, 49], [-109, 15], [-22, 39], [-64, 5]], [[15104, 17925], [-14, 24], [33, 143], [37, 18]], [[15160, 18111], [-25, -1], [-43, 85], [-32, 27]], [[15628, 17131], [23, 93], [47, 22], [-3, 94], [19, 64], [-38, 70], [8, 28]], [[15060, 18222], [-85, 17]], [[14975, 18239], [-62, 87], [-13, 86], [-79, 74], [-61, 24]], [[14760, 18510], [0, 43], [33, 54]], [[15160, 18110], [0, 1]], [[14766, 17352], [-16, -4]], [[14750, 17348], [-112, -24], [-90, 82], [65, 91], [125, 10], [41, -55], [-13, -100]], [[14585, 17619], [13, -39], [-30, -56], [-75, -80], [11, -62], [-19, -55], [-35, -27], [-17, -117], [-34, 15], [9, -122], [88, -267], [37, -42]], [[14533, 16767], [-86, -22]], [[14447, 16745], [-21, 64], [-72, 58], [29, 40], [6, 87], [-39, 48], [-10, 76], [-70, 45]], [[14270, 17163], [-21, 39]], [[14249, 17202], [23, 87], [-35, 20], [-32, 60], [-45, 40], [70, 47], [24, 65], [57, -8], [-17, 64], [-36, 21], [-9, 76], [-41, 47]], [[14208, 17721], [37, 35], [78, -5]], [[14323, 17751], [109, 51], [99, -23], [-34, -78], [88, -82]], [[15183, 17343], [-21, -119], [-25, -36], [27, -43], [56, -8], [21, -61]], [[15241, 17076], [-4, -59], [28, -103]], [[15265, 16914], [-104, -22], [6, -99], [40, -164], [-24, -39]], [[15183, 16590], [-121, 100], [0, 64], [-100, 26], [-32, -33]], [[14930, 16747], [19, 96], [-45, 83], [-36, 95]], [[14868, 17021], [67, 46], [44, 100], [-3, 35], [-44, 43], [43, 81], [13, 135]], [[14988, 17461], [60, 27]], [[15048, 17488], [75, -49], [60, -96]], [[14015, 16838], [35, -58], [63, -23], [10, -111]], [[14123, 16646], [-100, 13], [-60, 23], [-42, -26]], [[13921, 16656], [-20, 48], [32, 87], [35, 39], [47, 8]], [[13866, 18670], [-10, -56], [10, -80], [34, -26], [-10, -44], [94, -85], [32, -57]], [[14016, 18322], [-30, -58], [-56, 34], [0, -71], [-89, -18]], [[13841, 18209], [-35, 129], [-43, 39], [1, 33], [45, 53], [-8, 89], [-52, 3], [8, 64], [67, 44], [42, 7]], [[14327, 18657], [35, -41], [30, -78], [-61, -91]], [[14331, 18447], [-40, -51], [-79, -4], [-13, -33], [-78, -12], [-47, -41]], [[14074, 18306], [-58, 16]], [[13866, 18670], [33, 0], [69, -43], [124, 61], [16, 76]], [[14533, 16767], [70, -64], [87, -22], [-32, -52], [15, -56], [-60, -91], [-47, 3], [-30, -50], [-61, 41], [-44, -34], [-42, 27], [0, 88]], [[14389, 16557], [45, 33], [23, 88], [-10, 67]], [[14270, 17163], [-40, -22], [-53, -65], [-30, -59], [-40, -1], [-36, -42], [-7, -67], [-49, -69]], [[13921, 16656], [-74, -5], [-39, 97], [45, 22], [-68, 141], [-30, 0], [-48, 53], [-29, 63], [62, 42], [37, -57], [74, -18], [88, 56], [79, 148]], [[14018, 17198], [139, -36], [92, 40]], [[13765, 17863], [29, 26], [74, -5], [94, -75], [123, 0], [56, -57]], [[14141, 17752], [-12, -58], [-79, -19], [-27, -89]], [[14023, 17586], [-32, 26], [-74, 120], [-152, 131]], [[14000, 15622], [19, -64], [-92, -4], [73, 68]], [[13307, 15721], [48, -49], [-52, -42], [-61, 45], [65, 46]], [[14882, 16585], [133, 35], [23, -58], [-80, -41], [74, -101], [-28, -39], [60, -35], [36, 18]], [[15100, 16364], [36, -38]], [[15136, 16326], [-46, -33], [-89, -12], [-61, -23], [-75, -62], [-82, -34], [-62, -89], [-50, 7], [38, 63], [3, 64], [-38, 22], [106, 101], [57, 38], [43, 114], [-25, 52], [27, 51]], [[15227, 15223], [59, 15], [10, -63], [90, -64]], [[15386, 15111], [-17, -72], [-47, -19], [-7, -39], [-62, -121], [1, -60]], [[15254, 14800], [-76, -21], [-80, 88]], [[15098, 14867], [65, 88], [72, 170], [-8, 98]], [[12207, 9791], [-99, 53], [-82, -1], [-12, 38]], [[12014, 9881], [103, 29], [49, 75], [52, -32], [54, 71]], [[12272, 10024], [52, -30], [24, -104], [-58, -8], [-2, -41], [-81, -29], [0, -21]], [[12207, 9791], [-3, -53], [-29, -53]], [[12175, 9685], [-57, -11], [-55, 37], [-100, -35], [-94, 36], [-91, 12]], [[11778, 9724], [122, 16], [69, 46], [-44, 47], [89, 48]], [[14369, 14839], [45, -52], [42, 0], [103, -69], [78, -37], [62, -68], [-34, -167], [-129, -137], [-122, -31], [-150, 23], [-41, 70], [-30, 105], [-25, 21], [-29, 125], [9, 41], [71, 6], [100, 151], [50, 19]], [[13702, 14887], [101, -21], [67, -26], [52, -51], [-100, -52], [-120, 150]], [[12175, 9685], [52, -79], [60, 32], [52, -57]], [[12339, 9581], [-45, 0], [-9, -86], [-64, 21], [-25, -20], [45, -71], [-100, 22], [-57, 36], [-12, 89], [11, 69], [-55, 29], [-23, -29], [-114, 19], [-113, 64]], [[11849, 9293], [-13, -109], [-41, 4], [12, 56], [42, 49]], [[11919, 9599], [2, -79], [77, -32], [39, -88], [88, -21], [45, 18], [20, -31], [-22, -55], [-46, -6], [-47, 38], [-15, -64], [-42, 36], [-5, 66], [-56, -41], [-26, 54], [0, 51], [-52, 51], [-6, 40], [46, 63]], [[15628, 17131], [-94, 33], [-30, -44], [-65, -25]], [[15439, 17095], [-77, 61], [-53, -42], [-56, 48], [22, 149]], [[15275, 17311], [53, -24], [32, 57], [38, 25], [-35, 58], [18, 44], [100, -36], [56, -5], [23, 35], [60, 14], [27, 49]], [[12272, 10024], [105, -7], [34, 46], [75, -7], [27, 106], [37, 34]], [[12550, 10196], [8, -82], [22, -57], [-9, -40], [-41, -35], [-1, -45], [78, -5]], [[12607, 9932], [-65, -34], [2, -56], [-98, -39], [-47, 18], [-3, -68], [-64, -61], [86, -47], [-34, -50], [-45, -14]], [[12726, 10072], [19, 61]], [[12745, 10133], [57, 59], [-32, 54], [1, 43], [37, 62], [41, -99], [36, -30], [3, -73], [-19, -42], [-68, -24], [-14, -27], [-61, 16]], [[13912, 19082], [22, -55], [-106, -70], [1, 64], [37, 46], [46, 15]], [[13754, 18904], [48, -78], [-29, -37], [40, -71], [-49, -27], [-6, -50], [-37, -60], [-84, 83], [8, 58], [-39, 80], [18, 66], [80, 7], [50, 29]], [[14975, 18239], [-66, -27], [-56, -43], [-54, -2], [-91, 40], [-28, -18], [-75, 4]], [[14605, 18193], [8, 31]], [[14613, 18224], [73, 38], [10, 43], [67, 67], [-3, 138]], [[15183, 17343], [53, -40], [13, -13], [26, 21]], [[15439, 17095], [-75, -119]], [[15364, 16976], [-71, 5], [-35, 30], [-17, 65]], [[15364, 16976], [-10, -83]], [[15354, 16893], [-86, -8], [-3, 29]], [[15183, 16590], [-29, -55], [53, -27], [-5, -36], [-102, -108]], [[14882, 16585], [39, 54], [9, 108]], [[15227, 15223], [-14, 28], [26, 84], [44, 95], [47, 59], [-1, 73], [100, 130], [53, -130], [-21, -33], [-7, -173], [-36, -108], [11, -96], [-43, -41]], [[14766, 17352], [87, 2], [67, 64], [25, 106]], [[14945, 17524], [43, -63]], [[14868, 17021], [-59, 87], [-57, 23], [-15, 63], [30, 120], [-17, 34]], [[13014, 17892], [22, -54], [-53, -127], [-39, 10], [-10, -64], [-33, -42], [23, -38], [-78, -74], [-58, 42], [75, 188], [130, 41], [29, 66], [-8, 52]], [[13141, 18104], [56, -59], [56, -33], [15, -61], [-85, -17], [-50, 54], [10, 45], [-68, 22], [66, 49]], [[14208, 17721], [-4, 34], [-63, -3]], [[13765, 17863], [-13, 52], [43, 130], [26, 33], [28, 90], [-8, 41]], [[14074, 18306], [10, -81], [57, -21], [45, -52], [-3, -99], [124, -77], [-8, 61], [28, 89], [57, 23], [120, -20], [39, -32]], [[14543, 18097], [-131, -128], [-4, -57], [-32, -20], [1, -75], [-54, -66]], [[14018, 17198], [39, 166], [-9, 153], [-25, 69]], [[15048, 17488], [49, 11], [-23, 103], [80, -6], [-23, 83], [2, 124], [-48, 38], [19, 84]], [[14945, 17524], [43, 64], [-59, 100], [-118, 16], [-26, 36], [-58, 22], [-26, -16]], [[14701, 17746], [48, 145], [-78, 27], [-39, 61], [-6, 58], [-55, 57], [-28, 3]], [[14543, 18097], [55, 26], [7, 70]], [[14389, 16557], [-42, 55], [-51, 33], [-54, -11], [-119, 12]], [[14613, 18224], [-102, 45], [-71, 85], [-13, 48], [-46, -13], [-50, 58]], [[14701, 17746], [-23, 1], [-88, -74], [-5, -54]], [[12653, 12546], [47, -62], [-45, -11], [-2, 73]], [[12928, 12996], [-12, -102], [-68, -56], [-27, 112], [107, 46]], [[13141, 13486], [65, -26], [17, 