{"type": "Topology", "transform": {"scale": [0.0005259715925207424, 0.00043289358342934705], "translate": [122.94015612240719, 24.045871946033515]}, "arcs": [[[14991, 21270], [2, -39], [64, -17], [-44, -43], [52, -41], [30, -92], [-50, -102], [-26, -11]], [[15452, 21860], [-60, 23], [-87, -23]], [[15011, 21478], [29, -16], [30, -103], [-21, -68], [-58, -21]], [[15057, 21546], [-46, -68]], [[15134, 21722], [-16, -44], [-11, -118], [-50, -14]], [[15228, 21811], [-44, -70]], [[15184, 21741], [-50, -19]], [[15289, 21857], [-61, -46]], [[15677, 22109], [-25, -65]], [[15652, 22044], [34, -71], [-45, -67], [-7, -47], [-84, -15], [-98, 16]], [[15305, 21860], [-16, -3]], [[15019, 20925], [11, -28]], [[15030, 20897], [84, -20], [20, -45], [108, -39], [25, -54]], [[15267, 20739], [53, 11]], [[15792, 20594], [14, -121]], [[16938, 21119], [-17, 41], [-86, -37], [-110, -31], [-60, -191], [-51, -18]], [[16614, 20883], [-62, -9], [-78, 47], [-33, -11], [-63, 46], [-89, -41], [-24, -55], [-38, -13], [-39, 46], [-68, 4]], [[16120, 20897], [28, 39], [-7, 52], [53, 17]], [[16194, 21005], [88, 69], [54, 109], [16, 64], [-38, 11]], [[16314, 21258], [-6, 39]], [[16308, 21297], [136, -45], [48, 38], [147, 40], [81, -53], [67, -27], [70, -6], [184, 58], [-103, -183]], [[15320, 20750], [26, 34], [12, 118]], [[15653, 20926], [3, -50], [35, -12]], [[15691, 20864], [7, -15]], [[15358, 20902], [-75, 111], [30, 96], [42, -14], [43, 38], [82, -13]], [[15480, 21120], [55, -12]], [[15535, 21108], [14, -30], [81, -68], [23, -84]], [[15698, 20849], [36, -47], [15, -78], [75, -92], [-32, -38]], [[15806, 20473], [19, -67], [125, -107]], [[16314, 21258], [-28, -46], [-42, -5], [-44, 37], [-108, -36], [-49, 47], [23, 77], [57, 24], [0, 80], [-41, 0]], [[16082, 21436], [33, 55]], [[16115, 21491], [13, -15], [92, 27], [48, -19]], [[16268, 21484], [22, -164], [18, -23]], [[15677, 22109], [69, -28], [69, -3], [39, -52]], [[15854, 22026], [-12, -64], [-38, -37], [39, -88], [-59, -49], [25, -150], [-53, -2], [5, -76], [-27, -41]], [[15734, 21519], [-70, -17], [-64, 57], [-32, -24], [-56, 47], [-59, -12], [-21, -52]], [[15432, 21518], [-61, -5], [-30, 78], [-119, 95], [-38, 55]], [[15432, 21518], [23, -68], [-50, -87], [-3, -81], [50, 15], [44, -64], [-16, -113]], [[17001, 20096], [-67, -22], [-5, 95], [28, 103], [-100, 2], [-36, 26], [-98, -6], [-15, -78], [-30, -55], [-68, -12], [-164, 14], [-41, -47], [-62, 11], [-53, 36]], [[16290, 20163], [18, 61], [-81, 84]], [[16227, 20308], [36, 31], [84, 33], [50, 45], [33, -12], [48, 45], [4, 55], [95, 88]], [[16577, 20593], [42, -21], [76, 44], [75, -1], [42, 21], [-16, 56], [30, 72]], [[16826, 20764], [189, 17], [34, 34], [58, 18], [66, -25], [57, 38]], [[17230, 20846], [-42, -54], [-93, 15], [-24, -64], [-56, -78], [70, -43], [63, -61], [96, -32], [-49, -44], [40, -57], [-99, -113], [55, -35], [-53, -39], [-34, -55], [-70, 41], [-59, -63], [32, -66]], [[17007, 20098], [-6, -2]], [[16826, 20764], [19, 45], [-34, 43], [85, 64], [44, 5], [116, 56]], [[17056, 20977], [-89, -86], [122, -50], [141, 5]], [[16938, 21119], [-52, -60], [-23, -56], [11, -35], [58, -18], [44, 37], [80, -10]], [[16577, 20593], [-4, 44], [-48, 90], [51, 43], [-10, 68], [48, 45]], [[15691, 20864], [23, 29], [60, -2], [38, 78]], [[15812, 20969], [66, -6], [37, -36], [112, 45], [40, 63], [95, -1], [32, -29]], [[16120, 20897], [-44, -73], [13, -21], [-38, -82], [68, -30], [10, -80], [-58, -138], [15, -63], [-26, -79], [-76, -44]], [[15984, 20287], [-34, 12]], [[16359, 22249], [22, -116], [43, -31], [19, -127]], [[16443, 21975], [-46, -25], [-79, -168], [-94, 68], [-48, 52]], [[16176, 21902], [-68, 62], [30, 32]], [[16138, 21996], [-8, 56], [73, 63], [100, 116], [56, 18]], [[16443, 21975], [-6, -55], [31, -70], [13, -79], [79, -75], [62, 0], [68, 23]], [[16690, 21719], [-33, -97], [-78, 39], [-47, 1], [16, -111], [-51, -7]], [[16497, 21544], [-3, 32], [-110, 31], [-7, 65], [-83, -84], [-109, -40], [-38, -38]], [[16147, 21510], [-51, 55], [51, 125], [-41, 143], [52, 29], [18, 40]], [[16082, 21436], [-59, -21], [-67, 3]], [[15956, 21418], [-56, 45], [-46, -5], [-37, 49], [-83, 12]], [[15854, 22026], [79, 5], [189, -22], [16, -13]], [[16147, 21510], [-32, -19]], [[16227, 20308], [-72, -20], [-30, -38]], [[16125, 20250], [-109, -20], [-32, 57]], [[15812, 20969], [5, 31], [54, 46], [51, 17], [-86, 156], [49, 43]], [[15885, 21262], [8, 35], [63, 69], [0, 52]], [[16359, 22249], [80, 34], [115, -67], [26, 16], [77, -130], [62, -76], [10, -106], [-19, -78], [18, -84], [-38, -39]], [[16497, 21544], [-36, -5], [-25, -54], [-79, 19], [-39, 29], [-50, -49]], [[15535, 21108], [38, 103], [39, 58], [31, 5], [37, 57], [52, 41], [63, 15], [30, -75], [60, -50]]], "objects": {"pref_44": {"type": "GeometryCollection", "geometries": [{"arcs": [[15, 16, 17, 18, 19, 20]], "type": "Polygon", "properties": {"N03_001": "大分県", "N03_002": null, "N03_003": null, "N03_004": "大分市", "N03_007": "44201", "N03_EN": "OITA SHI"}}, {"arcs": [[-20, 29, 30, 31, 32]], "type": "Polygon", "properties": {"N03_001": "大分県", "N03_002": null, "N03_003": null, "N03_004": "別府市", "N03_007": "44202", "N03_EN": "BEPPU SHI"}}, {"arcs": [[-2, -10, -9, 33, 34, 35, 36, -6, -8, -11]], "type": "Polygon", "properties": {"N03_001": "大分県", "N03_002": null, "N03_003": null, "N03_004": "中津市", "N03_007": "44203", "N03_EN": "NAKATSU SHI"}}, {"arcs": [[-1, -3, -4, -5, -7, -37, 37, -25, -22, -14, -13, -12]], "type": "Polygon", "properties": {"N03_001": "大分県", "N03_002": null, "N03_003": null, "N03_004": "日田市", "N03_007": "44204", "N03_EN": "HITA SHI"}}, {"arcs": [[38, 39, 40, 41, 42, 43, 44]], "type": "Polygon", "properties": {"N03_001": "大分県", "N03_002": null, "N03_003": null, "N03_004": "佐伯市", "N03_007": "44205", "N03_EN": "SAIKI SHI"}}, {"arcs": [[-43, 45, 46]], "type": "Polygon", "properties": {"N03_001": "大分県", "N03_002": null, "N03_003": null, "N03_004": "津久見市", "N03_007": "44207", "N03_EN": "TSUKUMI SHI"}}, {"arcs": [[-16, 47, -46, -42, 48]], "type": "Polygon", "properties": {"N03_001": "大分県", "N03_002": null, "N03_003": null, "N03_004": "臼杵市", "N03_007": "44206", "N03_EN": "USUKI SHI"}}, {"arcs": [[-15, -28, -24, 49, 50, -18, 51, 52, -29]], "type": "Polygon", "properties": {"N03_001": "大分県", "N03_002": null, "N03_003": null, "N03_004": "竹田市", "N03_007": "44208", "N03_EN": "TAKETA SHI"}}, {"arcs": [[53, 54, 55, 56]], "type": "Polygon", "properties": {"N03_001": "大分県", "N03_002": null, "N03_003": null, "N03_004": "豊後高田市", "N03_007": "44209", "N03_EN": "BUNGOTAKADA SHI"}}, {"arcs": [[-55, 57, 58, 59, 60]], "type": "Polygon", "properties": {"N03_001": "大分県", "N03_002": null, "N03_003": null, "N03_004": "杵築市", "N03_007": "44210", "N03_EN": "KITSUKI SHI"}}, {"arcs": [[-31, 61, 62, -35, 63, -56, -61, 64]], "type": "Polygon", "properties": {"N03_001": "大分県", "N03_002": null, "N03_003": null, "N03_004": "宇佐市", "N03_007": "44211", "N03_EN": "USA SHI"}}, {"arcs": [[-17, -49, -41, 65, 66, -52]], "type": "Polygon", "properties": {"N03_001": "大分県", "N03_002": null, "N03_003": null, "N03_004": "豊後大野市", "N03_007": "44212", "N03_EN": "BUNGOONO SHI"}}, {"arcs": [[-19, -51, 67, 68, -62, -30]], "type": "Polygon", "properties": {"N03_001": "大分県", "N03_002": null, "N03_003": null, "N03_004": "由布市", "N03_007": "44213", "N03_EN": "YUFU SHI"}}, {"arcs": [[-54, 69, -58]], "type": "Polygon", "properties": {"N03_001": "大分県", "N03_002": null, "N03_003": null, "N03_004": "国東市", "N03_007": "44214", "N03_EN": "KUNISAKI SHI"}}, {"arcs": [[-32, -65, -60, 70]], "type": "Polygon", "properties": {"N03_001": "大分県", "N03_002": null, "N03_003": "速見郡", "N03_004": "日出町", "N03_007": "44341", "N03_EN": "HAYAMI GUN HIJI MACHI"}}, {"arcs": [[-23, -27, 71, -68, -50]], "type": "Polygon", "properties": {"N03_001": "大分県", "N03_002": null, "N03_003": "玖珠郡", "N03_004": "九重町", "N03_007": "44461", "N03_EN": "KUSU GUN KOKONOE MACHI"}}, {"arcs": [[-26, -38, -36, -63, -69, -72]], "type": "Polygon", "properties": {"N03_001": "大分県", "N03_002": null, "N03_003": "玖珠郡", "N03_004": "玖珠町",