{"type": "Topology", "transform": {"scale": [0.0005259715925207424, 0.00043289358342934705], "translate": [122.94015612240719, 24.045871946033515]}, "arcs": [[[33939, 29598], [-273, 98], [-62, 8], [-55, 94]], [[32974, 29775], [-37, -5]], [[33439, 29563], [-22, -39], [-100, -81]], [[33317, 29443], [-47, 67], [-118, 40], [-23, 107], [-78, 21], [-4, 33], [-73, 64]], [[33515, 29780], [-5, -49], [50, -100]], [[33560, 29631], [-46, -23]], [[33514, 29608], [-56, -10], [-19, -35]], [[33549, 29798], [-34, -18]], [[33223, 28679], [65, -23], [11, -64], [56, -36]], [[33355, 28556], [1, -40], [113, -63], [82, -61]], [[33551, 28392], [-107, -73]], [[33444, 28319], [-45, -10], [-26, 45], [-130, -11], [-29, 54], [-77, -59]], [[33137, 28338], [-47, 25], [-22, 47], [17, 45], [-33, 69], [57, 15], [-33, 67]], [[33076, 28606], [108, 21], [39, 52]], [[33797, 29215], [-1, -70], [-42, -41], [-75, -160], [-40, -153], [-37, -64]], [[33602, 28727], [-90, 29]], [[33512, 28756], [-13, 1]], [[33499, 28757], [77, 62], [-42, 149], [10, 81], [-86, -3], [-41, 69], [63, 42], [-23, 68], [33, 38]], [[33490, 29263], [42, -22], [83, 14], [182, -40]], [[32771, 28011], [55, -70], [61, -45], [81, -30], [-27, -53], [-7, -78]], [[32934, 27735], [-92, 8], [-48, -57], [-58, -37]], [[32736, 27649], [-27, 30]], [[32709, 27679], [28, 186], [-60, 34], [29, 59], [-10, 62]], [[32696, 28020], [75, -9]], [[32157, 28107], [23, -49], [-29, -70], [11, -34]], [[32162, 27954], [-52, -13]], [[32110, 27941], [-51, 33], [-82, -68]], [[31977, 27906], [-93, 23]], [[31884, 27929], [-14, 21]], [[31870, 27950], [-28, 126]], [[31842, 28076], [1, 5]], [[31843, 28081], [74, 9], [110, 51]], [[32027, 28141], [69, 27]], [[32096, 28168], [-11, -53], [72, -8]], [[32696, 28020], [-28, 96], [-23, 33]], [[32645, 28149], [31, 28], [49, 102], [4, 66], [49, 11]], [[32778, 28356], [61, -9], [22, -49], [66, -55], [86, 2]], [[33013, 28245], [-45, -42], [-10, -72], [112, -82], [-35, -10], [-11, -64], [68, -59]], [[33092, 27916], [-27, -7], [-126, 16], [26, 72], [-80, 92], [-51, 8], [-5, -54], [-58, -32]], [[32096, 28168], [38, 87], [16, 80], [88, -5], [13, -26]], [[32251, 28304], [10, -43], [-39, -62], [34, -43]], [[32256, 28156], [-29, -45], [-70, -4]], [[32653, 27568], [2, -35], [71, -47], [80, 44], [115, -59]], [[32921, 27471], [-14, -72]], [[32907, 27399], [-89, -74]], [[32818, 27325], [-30, 24], [-111, -7]], [[32677, 27342], [47, 48], [-46, 39], [-26, 65]], [[32652, 27494], [-34, 21], [-14, 60]], [[32604, 27575], [49, -7]], [[32504, 28075], [-55, -64], [-18, -83]], [[32431, 27928], [-151, 23]], [[32280, 27951], [42, 18], [-7, 85], [-27, 12], [-33, 81]], [[32255, 28147], [65, 32], [21, -38], [91, 5], [8, -51], [64, -20]], [[32431, 27928], [1, -105], [54, -103]], [[32486, 27720], [5, -28], [-107, -79], [-3, -50]], [[32381, 27563], [-71, -22]], [[32310, 27541], [-20, 5]], [[32290, 27546], [-8, 119], [63, 31], [10, 41], [-43, 37], [-8, 48], [-68, 72]], [[32236, 27894], [44, 57]], [[33514, 29608], [-51, -133], [10, -98], [30, -66], [-13, -48]], [[33499, 28757], [-83, 20], [-51, -22], [-56, 37]], [[33309, 28792], [-30, 57], [-32, 134], [15, 51], [-34, 57], [55, 35], [12, 88], [-18, 26]], [[33277, 29240], [-53, 66], [104, 63], [-11, 74]], [[33560, 29631], [25, -40], [132, -111], [-21, -52], [23, -63], [110, -21]], [[33829, 29344], [-8, -74], [-24, -55]], [[33939, 29598], [21, -44], [-64, -49], [-67, -161]], [[33137, 28338], [-50, -109]], [[33087, 28229], [-74, 16]], [[32778, 28356], [-33, 57], [50, 92], [-8, 30]], [[32787, 28535], [32, 79]], [[32819, 28614], [68, -3], [154, 21], [35, -26]], [[32677, 27342], [0, -26]], [[32677, 27316], [-126, 40], [-57, 29]], [[32494, 27385], [-68, 21]], [[32426, 27406], [40, 52], [7, 51]], [[32473, 27509], [47, -53], [132, 38]], [[32736, 27649], [40, -66], [56, -41], [93, 24]], [[32925, 27566], [29, -82], [-33, -13]], [[32653, 27568], [50, 19], [6, 92]], [[32604, 27575], [-74, 113], [-44, 32]], [[32504, 28075], [44, 31], [2, 51]], [[32550, 28157], [95, -8]], [[33355, 28556], [48, 44], [16, 54], [47, 21]], [[33466, 28675], [23, -47], [106, -27]], [[33595, 28601], [21, -156], [-51, -54]], [[33565, 28391], [-14, 1]], [[33762, 27464], [-8, -3]], [[33754, 27461], [-72, -10]], [[33682, 27451], [-5, -2]], [[33677, 27449], [-63, 17]], [[33614, 27466], [-46, 109], [-56, 67]], [[33512, 27642], [-24, 115]], [[33488, 27757], [109, 47]], [[33597, 27804], [89, -207], [51, -65], [25, -68]], [[33614, 27466], [-41, -75]], [[33573, 27391], [-116, 82], [-50, 46]], [[33407, 27519], [-49, 26]], [[33358, 27545], [40, 15], [8, 61], [106, 21]], [[32381, 27563], [92, -54]], [[32426, 27406], [-83, 60]], [[32343, 27466], [-38, 35], [5, 40]], [[33309, 28792], [-94, 2], [-30, -46]], [[33185, 28748], [-50, 86], [-82, 50], [-19, -31], [-68, -35], [-47, 3]], [[32919, 28821], [-21, 144], [9, 61], [-26, 30]], [[32881, 29056], [12, 62], [-37, 54]], [[32856, 29172], [23, 60], [111, 29]], [[32990, 29261], [128, -29], [63, -36], [67, 3], [29, 41]], [[33223, 28679], [-38, 69]], [[33512, 28756], [-32, -20], [-14, -61]], [[32251, 28304], [19, 84]], [[32270, 28388], [97, 37], [2, 38], [90, 21], [55, -3]], [[32514, 28481], [-2, -58], [26, -78], [-9, -76], [34, -17], [-13, -95]], [[32255, 28147], [1, 9]], [[32162, 27954], [74, -60]], [[32290, 27546], [-75, 43], [-12, 43], [-110, 115]], [[32093, 27747], [44, 14], [-10, 60], [11, 87], [-28, 33]], [[32925, 27566], [57, 8]], [[32982, 27574], [36, -16], [45, 68], [109, -20], [41, 62]], [[33213, 27668], [145, -123]], [[33407, 27519], [-46, -69], [-54, -5], [-45, -34]], [[33262, 27411], [-107, -20]], [[33155, 27391], [-13, 29], [-95, -62], [-50, -11], [-90, 52]], [[33092, 27916], [40, 0]], [[33132, 27916], [72, -111], [-16, -104]], [[33188, 27701], [-71, 17], [-169, 15]], [[32948, 27733], [-14, 2]], [[32514, 28481], [42, 16], [5, 50]], [[32561, 28547], [85, -13], [63, 37]], [[32709, 28571], [23, -37], [55, 1]], [[33754, 27461], [-32, -33], [-40, 23]], [[33677, 27449], [46, -37], [64, 65], [-6, -44], [64, -126], [159, -246], [51, -36]], [[34055, 27025], [-70, -8], [-140, 101], [-40, 66]], [[33805, 27184], [-64, 79], [-74, 18]], [[33667, 27281], [-33, 8], [-61, 102]], [[33213, 27668], [-25, 33]], [[33132, 27916], [-6, 61], [59, -2], [23, -43], [57, 66]], [[33265, 27998], [36, -17], [-15, -51], [31, -31], [83, 21], [44, -38], [-3, -45], [47, -80]], [[33265, 27998], [11, 85], [-53, 39]], [[33223, 28122], [151, 70], [4, 60], [50, 5]], [[33428, 28257], [71, -52]], [[33499, 28205], [28, -186], [70, -215]], [[33087, 28229], [79, -22], [0, -38], [57, -47]], [[33444, 28319], [-16, -62]], [[33565, 28391], [-3, -39], [-61, -64], [-2, -83]], [[32819, 28614], [2, 50], [52, 112], [46, 45]], [[33602, 28727], [-7, -126]], [[32990, 29261], [-16, 49], [-41, 33], [-16, 82]], [[32917, 29425], [24, 17], [-1, 87], [-27, 55], [10, 47], [-15, 83], [29, 56]], [[32982, 27574], [-30, 92], [-4, 67]], [[33155, 27391], [-5, -2]], [[33150, 27389], [-101, -84], [-64, 12]], [[32985, 27317], [-87, -37], [-57, 16]], [[32841, 27296], [-23, 29]], [[31977, 27906], [53, -51]], [[32030, 27855], [-21, -31]], [[32009, 27824], [-19, -24], [-72, 23], [-2, 40]], [[31916, 27863], [-32, 66]], [[32093, 27747], [-63, 108]], [[32841, 27296], [-87, -39]], [[32754, 27257], [-41, 1]], [[32713, 27258], [-36, 58]]], "objects": {"pref_8": {"type": "GeometryCollection", "geometries": [{"arcs": [[8, 9, 10, 11, 12, 13]], "type": "Polygon", "properties": {"N03_001": "茨城県", "N03_002": null, "N03_003": null, "N03_004": "水戸市", "N03_007": "08201", "N03_EN": "MITO SHI"}}, {"arcs": [[14, 15, 16, 17, 18]], "type": "Polygon", "properties": {"N03_001": "茨城県", "N03_002": null, "N03_003": null, "N03_004": "日立市", "N03_007": "08202", "N03_EN": "HITACHI SHI"}}, {"arcs": [[19, 20, 21, 22, 23]], "type": "Polygon", "properties": {"N03_001": "茨城県", "N03_002": null, "N03_003": null, "N03_004": "土浦市", "N03_007": "08203", "N03_EN": "TSUCHIURA SHI"}}, {"arcs": [[24, 25, 26, 27, 28, 29, 30, 31, 32, 33]], "type": "Polygon", "properties": {"N03_001": "茨城県", "N03_002": null,