{"type": "Topology", "transform": {"scale": [0.0005259715925207424, 0.00043289358342934705], "translate": [122.94015612240719, 24.045871946033515]}, "arcs": [[[28181, 29384], [-16, 71], [-42, 62], [0, 116], [-36, 46], [14, 76], [-18, 41], [-45, -3], [-100, 85]], [[27332, 29367], [43, -46]], [[27375, 29321], [-42, -61]], [[27333, 29260], [-44, -19]], [[27289, 29241], [-30, -21], [21, -139], [86, -128], [49, -19], [147, 32], [97, -46], [65, -47], [93, 25], [54, -18], [107, -65], [91, 16]], [[28069, 28831], [-66, -40], [-32, -49], [6, -68], [-42, -78], [-46, -16], [-41, -65]], [[27848, 28515], [-90, 7]], [[27758, 28522], [-54, 71], [-72, 4], [-25, -30], [-96, 28], [-29, 72], [-64, -13], [-6, -32], [-73, -27], [-6, 84], [-74, 9], [-40, -31], [-82, -31], [-102, 43], [-92, -95], [-31, -73], [-70, -27]], [[26842, 28474], [11, 185], [-26, 118], [-30, 25], [3, 62]], [[26800, 28864], [6, 90], [27, 47], [-4, 106]], [[26829, 29107], [68, 30], [24, 57], [41, 5], [-4, 58], [116, 108]], [[27074, 29365], [119, 18], [139, -16]], [[26861, 29448], [46, -50]], [[26907, 29398], [22, -5]], [[26929, 29393], [-47, -18], [-49, 23], [-27, -95], [-54, -73], [53, -22], [16, -69]], [[26821, 29139], [-156, -1], [-29, 47], [-50, 12]], [[26586, 29197], [-63, 32], [-63, 78], [-45, 24]], [[26415, 29331], [22, 29]], [[26437, 29360], [11, 72]], [[26448, 29432], [144, -39], [112, 56], [52, -9], [7, 90]], [[26763, 29530], [98, -82]], [[27854, 29188], [-72, -17], [-83, 28], [4, 46], [-55, 42], [-23, -47], [-42, 23]], [[27583, 29263], [-41, 78], [-84, 122]], [[27458, 29463], [20, 16], [32, 124]], [[27510, 29603], [93, -55], [91, -30], [-13, -48], [41, -59], [118, -56], [52, -80], [-45, -46], [7, -41]], [[26448, 29432], [-4, 60], [46, 127]], [[26490, 29619], [24, 40], [0, 66]], [[26514, 29725], [80, 79], [110, 40]], [[26704, 29844], [99, 5], [26, -19]], [[26829, 29830], [-46, -46], [10, -35], [-90, -127], [60, -92]], [[27332, 29367], [126, 96]], [[27583, 29263], [-42, 33], [-67, -24], [-99, 49]], [[27510, 29603], [18, 46], [-18, 42], [31, 54]], [[27541, 29745], [51, -43], [90, -30], [79, -51], [36, 18], [49, -29], [46, 6]], [[27892, 29616], [69, -69], [190, -160], [14, -31]], [[28165, 29356], [-8, -113], [20, -93]], [[28177, 29150], [-26, -93]], [[28151, 29057], [-57, 5], [-47, 39], [-33, -18], [-90, 9]], [[27924, 29092], [-70, 96]], [[26800, 28864], [-63, 7], [-62, 95], [-120, 96]], [[26555, 29062], [24, 28], [-12, 61], [19, 46]], [[26821, 29139], [8, -32]], [[26555, 29062], [-13, -57], [-65, 6], [-42, -44], [-39, 34], [-65, 12]], [[26331, 29013], [-6, 56]], [[26325, 29069], [53, 68], [16, 50], [-18, 51], [-44, 34], [83, 59]], [[26842, 28474], [-11, -98], [-59, -47], [-36, -52], [-52, -29]], [[26684, 28248], [-32, 8], [24, 87], [-31, 55], [-90, 50], [-33, -35], [-100, 4], [10, -33], [-31, -71], [-65, -7]], [[26336, 28306], [-15, 99]], [[26321, 28405], [41, 30], [-20, 106], [-33, 69], [33, 29], [14, 95], [-14, 60], [41, 97], [-54, 93], [2, 29]], [[26929, 29393], [34, 22], [111, -50]], [[26861, 29448], [49, -43], [-3, -7]], [[27333, 29260], [0, -19]], [[27333, 29241], [-44, 0]], [[27924, 29092], [-61, -110], [-76, 10], [-28, 25], [-73, -16], [-28, 24], [-87, -13], [-137, 120], [-79, 111], [-22, -2]], [[28151, 29057], [12, -71], [-53, -16], [-71, -57], [-6, -56], [36, -26]], [[27541, 29745], [123, 74], [99, 16]], [[27763, 29835], [-30, -82], [9, -39], [51, 4], [16, -63], [47, 10], [36, -49]], [[28181, 29384], [-16, -28]], [[27763, 29835], [89, 32], [86, 11]]], "objects": {"pref_16": {"type": "GeometryCollection", "geometries": [{"arcs": [[1, 2, 3, 4, 5, 6, 7, 8, 9, 10, 11]], "type": "Polygon", "properties": {"N03_001": "富山県", "N03_002": null, "N03_003": null, "N03_004": "富山市", "N03_007": "16201", "N03_EN": "TOYAMA SHI"}}, {"arcs": [[12, 13, 14, 15, 16, 17, 18, 19, 20]], "type": "Polygon", "properties": {"N03_001": "富山県", "N03_002": null, "N03_003": null, "N03_004": "高岡市", "N03_007": "16202", "N03_EN": "TAKAOKA SHI"}}, {"arcs": [[21, 22, 23, 24]], "type": "Polygon", "properties": {"N03_001": "富山県", "N03_002": null, "N03_003": null, "N03_004": "魚津市", "N03_007": "16204", "N03_EN": "UOZU SHI"}}, {"arcs": [[-20, 25, 26, 27, 28, 29]], "type": "Polygon", "properties": {"N03_001": "富山県", "N03_002": null, "N03_003": null, "N03_004": "氷見市", "N03_007": "16205", "N03_EN": "HIMI SHI"}}, {"arcs": [[-2, 30, -23, 31]], "type": "Polygon", "properties": {"N03_001": "富山県", "N03_002": null, "N03_003": null, "N03_004": "滑川市", "N03_007": "16206", "N03_EN": "NAMERIKAWA SHI"}}, {"arcs": [[-25, 32, 33, 34, 35, 36, 37, 38]], "type": "Polygon", "properties": {"N03_001": "富山県", "N03_002": null, "N03_003": null, "N03_004": "黒部市", "N03_007": "16207", "N03_EN": "KUROBE SHI"}}, {"arcs": [[-10, 39, 40, -16, 41]], "type": "Polygon", "properties": {"N03_001": "富山県", "N03_002": null, "N03_003": null, "N03_004": "砺波市", "N03_007": "16208", "N03_EN": "TONAMI SHI"}}, {"arcs": [[-17, -41, 42, 43, 44]], "type": "Polygon", "properties": {"N03_001": "富山県", "N03_002": null, "N03_003": null, "N03_004": "小矢部市", "N03_007": "16209", "N03_EN": "OYABE SHI"}}, {"arcs": [[-9, 45, 46, 47, 48, -43, -40]], "type": "Polygon", "properties": {"N03_001": "富山県", "N03_002": null, "N03_003": null, "N03_004": "南砺市", "N03_007": "16210", "N03_EN": "NANTO SHI"}}, {"arcs": [[[-11, -42, -15, 49]], [[-13, 50]]], "type": "MultiPolygon", "properties": {"N03_001": "富山県", "N03_002": null, "N03_003": null, "N03_004": "射水市", "N03_007": "16211", "N03_EN": "IMIZU SHI"}}, {"arcs": [[-4, 51, 52]], "type": "Polygon", "properties": {"N03_001": "富山県", "N03_002": null, "N03_003": "中新川郡", "N03_004": "舟橋村", "N03_007": "16321", "N03_EN": "NAKANIIKAWA GUN FUNAHASHI MURA"}}, {"arcs": [[-3, -32, -22, -39, 53, -52]], "type": "Polygon", "properties": {"N03_001": "富山県", "N03_002": null, "N03_003": "中新川郡", "N03_004": "上市町", "N03_007": "16322", "N03_EN": "NAKANIIKAWA GUN KAMIICHI MACHI"}}, {"arcs": [[-5, -53, -54, -38, 54]], "type": "Polygon", "properties": {"N03_001": "富山県", "N03_002": null, "N03_003": "中新川郡", "N03_004": "立山町", "N03_007": "16323", "N03_EN": "NAKANIIKAWA GUN TATEYAMA MACHI"}}, {"arcs": [[-34, 55, 56]], "type": "Polygon", "properties": {"N03_001": "富山県", "N03_002": null, "N03_003": "下新川郡", "N03_004": "入善町", "N03_007": "16342", "N03_EN": "SHIMONIIKAWA GUN NYUZEN MACHI"}}, {"arcs": [[-1, 57, -35, -57, 58]], "type": "Polygon", "properties": {"N03_001": "富山県", "N03_002": null, "N03_003": "下新川郡", "N03_004": "朝日町", "N03_007": "16343", "N03_EN": "SHIMONIIKAWA GUN ASAHI MACHI"}}]}}}