{"type": "Topology", "transform": {"scale": [0.0005259715925207424, 0.00043289358342934705], "translate": [122.94015612240719, 24.045871946033515]}, "arcs": [[[25116, 26915], [-30, -63], [25, -17], [56, -156], [-21, -29], [-102, -21], [-13, -103]], [[25031, 26526], [-43, 27], [-26, -33], [-82, 8]], [[25116, 26916], [0, -1]], [[24551, 26255], [-81, -5], [-38, -52]], [[25364, 26826], [-88, 55], [-69, 16], [-25, 33], [-66, -14]], [[24880, 26528], [-37, -87], [-84, 22], [-30, 44]], [[24432, 26198], [-42, -71]], [[24729, 26507], [-59, -116], [-3, -88], [-45, -67], [-50, -20], [-21, 39]], [[25619, 25807], [-67, 54], [18, 20], [5, 87]], [[25575, 25968], [20, 30]], [[25595, 25998], [38, 111], [-20, 50], [62, 45]], [[25675, 26204], [-62, 67], [27, 69], [-46, 50], [-27, 62], [28, 38], [-55, 107], [-52, -54]], [[25488, 26543], [-44, 78], [1, 108], [-66, 9], [-15, 88]], [[25619, 25269], [12, 35]], [[25581, 25193], [38, 76]], [[25369, 25005], [157, 80], [13, 86], [42, 22]], [[25670, 25504], [12, 87], [-24, 15], [36, 71], [-87, 60]], [[25607, 25737], [12, 70]], [[24872, 24823], [97, 29], [93, 158], [-67, 9], [28, 46], [57, -31], [94, 7], [33, -37], [100, -28], [62, 29]], [[25631, 25304], [-6, 42]], [[25625, 25346], [-1, 73], [46, 40], [0, 45]], [[24861, 25839], [-39, -95]], [[24822, 25744], [-44, -21], [-25, -78]], [[24753, 25645], [-37, -23], [-32, -114]], [[24684, 25508], [-67, -122], [28, -99], [70, 0], [95, -29]], [[24810, 25258], [39, -10], [13, -73], [46, 3]], [[24908, 25178], [1, -50], [-57, -8], [-46, -70], [-84, -27]], [[24722, 25023], [-14, 31], [-69, -47], [-63, 48]], [[24576, 25055], [23, 128]], [[24599, 25183], [-29, 29]], [[24570, 25212], [-12, 46], [-70, 76]], [[24488, 25334], [27, 21], [-35, 59], [36, 19], [40, 240], [-17, 7], [-31, 139], [27, 89], [30, 50]], [[24565, 25958], [42, 4], [52, -47], [51, -9], [37, 40], [71, -31], [43, -76]], [[25498, 25938], [-96, -39], [-24, -37], [-58, -30]], [[25320, 25832], [-38, -36]], [[25282, 25796], [-41, -44]], [[25241, 25752], [-47, -8]], [[25194, 25744], [-47, 33], [-104, 27], [-51, 82]], [[24992, 25886], [-3, 16]], [[24989, 25902], [73, -6], [59, 29], [-9, 202]], [[25112, 26127], [117, -40]], [[25229, 26087], [12, -81], [53, -19], [108, 8], [86, -29], [10, -28]], [[25488, 26543], [-25, -156], [49, -80], [-4, -77], [-36, -50], [-24, -74], [-55, 18], [-87, -5], [-77, -32]], [[25112, 26127], [-95, 85], [-7, 40], [41, 52], [-1, 50], [-41, 16], [22, 156]], [[24861, 25839], [104, 65], [24, -2]], [[24992, 25886], [39, -145], [46, -13], [19, -52], [68, -70], [-30, -55], [-65, -25], [38, -45]], [[25107, 25481], [-44, 35], [-85, 1]], [[24978, 25517], [-85, 52], [-48, 61], [-23, 114]], [[24684, 25508], [34, -17], [41, -69]], [[24759, 25422], [15, -82], [54, -43], [-18, -39]], [[24753, 25645], [15, -38], [69, -69], [23, -117]], [[24860, 25421], [-40, -31], [-61, 32]], [[24860, 25421], [44, -56]], [[24904, 25365], [7, -89], [35, -54]], [[24946, 25222], [-38, -44]], [[24872, 24823], [12, 64]], [[24884, 24887], [-44, 55], [-64, -11], [-48, 31]], [[24728, 24962], [-6, 61]], [[24946, 25222], [100, -39], [35, 37], [-9, 59], [28, 83]], [[25100, 25362], [41, 13]], [[25141, 25375], [32, -33]], [[25173, 25342], [5, -27], [69, -56], [35, -49], [61, 5], [60, 52], [75, 13], [3, 63]], [[25481, 25343], [86, 13], [58, -10]], [[24978, 25517], [-9, -92]], [[24969, 25425], [-32, 11], [-33, -71]], [[24969, 25425], [53, -71], [35, 32], [43, -24]], [[24565, 25958], [-50, -20], [-44, 91], [-30, 18]], [[24441, 26047], [-51, 80]], [[25481, 25343], [-28, 45], [-61, 49], [-89, 26], [-53, -11], [-7, -58], [-70, -52]], [[25141, 25375], [-34, 106]], [[25194, 25744], [24, -98], [43, -10], [70, 30], [76, 3], [61, -34]], [[25468, 25635], [36, -28], [61, 32], [-23, 74], [28, 46], [37, -22]], [[25575, 25968], [-77, -30]], [[25241, 25752], [76, -12]], [[25317, 25740], [65, -14]], [[25382, 25726], [39, -61], [47, -30]], [[25282, 25796], [35, -56]], [[25320, 25832], [56, -67], [6, -39]]], "objects": {"pref_25": {"type": "GeometryCollection", "geometries": [{"arcs": [[21, 22, 23, 24, 25, 26, 27, 28, 29, 30, 31, 32]], "type": "Polygon", "properties": {"N03_001": "滋賀県", "N03_002": null, "N03_003": null, "N03_004": "大津市", "N03_007": "25201", "N03_EN": "OTSU SHI"}}, {"arcs": [[33, 34, 35, 36, 37, 38, 39, 40, 41]], "type": "Polygon", "properties": {"N03_001": "滋賀県", "N03_002": null, "N03_003": null, "N03_004": "彦根市", "N03_007": "25202", "N03_EN": "HIKONE SHI"}}, {"arcs": [[-1, -3, -5, -13, 42, -41, 43]], "type": "Polygon", "properties": {"N03_001": "滋賀県", "N03_002": null, "N03_003": null, "N03_004": "長浜市", "N03_007": "25203", "N03_EN": "NAGAHAMA SHI"}}, {"arcs": [[-22, 44, -39, 45, 46, 47]], "type": "Polygon", "properties": {"N03_001": "滋賀県", "N03_002": null, "N03_003": null, "N03_004": "近江八幡市", "N03_007": "25204", "N03_EN": "OMIHACHIMAN SHI"}}, {"arcs": [[-25, 48, 49]], "type": "Polygon", "properties": {"N03_001": "滋賀県", "N03_002": null, "N03_003": null, "N03_004": "草津市", "N03_007": "25206", "N03_EN": "KUSATSU SHI"}}, {"arcs": [[-24, 50, 51, -49]], "type": "Polygon", "properties": {"N03_001": "滋賀県", "N03_002": null, "N03_003": null, "N03_004": "守山市", "N03_007": "25207", "N03_EN": "MORIYAMA SHI"}}, {"arcs": [[-26, -50, -52, 52, 53, 54]], "type": "Polygon", "properties": {"N03_001": "滋賀県", "N03_002": null, "N03_003": null, "N03_004": "栗東市", "N03_007": "25208", "N03_EN": "RITTO SHI"}}, {"arcs": [[-14, -15, -16, -19, 55, 56, 57, -27, -55, 58, 59, 60, 61, 62, -20]], "type": "Polygon", "properties": {"N03_001": "滋賀県", "N03_002": null, "N03_003": null, "N03_004": "甲賀市", "N03_007": "25209", "N03_EN": "KOKA SHI"}}, {"arcs": [[-23, -48, 63, 64, -53, -51]], "type": "Polygon", "properties": {"N03_001": "滋賀県", "N03_002": null, "N03_003": null, "N03_004": "野洲市", "N03_007": "25210", "N03_EN": "YASU SHI"}}, {"arcs": [[-54, -65, 65, -59]], "type": "Polygon", "properties": {"N03_001": "滋賀県", "N03_002": null, "N03_003": null, "N03_004": "湖南市", "N03_007": "25211", "N03_EN": "KONAN SHI"}}, {"arcs": [[-2, -44, -40, -45, -33, 66, 67, -7, -4, -8, -6]], "type": "Polygon", "properties": {"N03_001": "滋賀県", "N03_002": null, "N03_003": null, "N03_004": "高島市", "N03_007": "25212", "N03_EN": "TAKASHIMA SHI"}}, {"arcs": [[-17, -21, -63, 68, -61, 69, -46, -38, 70, 71]], "type": "Polygon", "properties": {"N03_001": "滋賀県", "N03_002": null, "N03_003": null, "N03_004": "東近江市", "N03_007": "25213", "N03_EN": "HIGASHIOMI SHI"}}, {"arcs": [[-10, 72, -42, -43, -12, -11]], "type": "Polygon", "properties": {"N03_001": "滋賀県", "N03_002": null, "N03_003": null, "N03_004": "米原市", "N03_007": "25214", "N03_EN": "MAIBARA SHI"}}, {"arcs": [[-62, -69]], "type": "Polygon", "properties": {"N03_001": "滋賀県", "N03_002": null, "N03_003": "蒲生郡", "N03_004": "日野町", "N03_007": "25383", "N03_EN": "GAMO GUN HINO CHO"}}, {"arcs": [[-47, -70, -60, -66, -64]], "type": "Polygon", "properties": {"N03_001": "滋賀県", "N03_002": null, "N03_003": "蒲生郡", "N03_004": "竜王町", "N03_007": "25384", "N03_EN": "GAMO GUN RYUO CHO"}}, {"arcs": [[-37, 73, 74, 75, -71]], "type": "Polygon", "properties": {"N03_001": "滋賀県", "N03_002": null, "N03_003": "愛知郡", "N03_004": "愛荘町", "N03_007": "25425", "N03_EN": "ECHI GUN AISHO CHO"}}, {"arcs": [[-36, 76, -74]], "type": "Polygon", "properties": {"N03_001": "滋賀県", "N03_002": null, "N03_003": "犬上郡", "N03_004": "豊郷町", "N03_007": "25441", "N03_EN": "INUKAMI GUN TOYOSATO CHO"}}, {"arcs": [[-35, 77, -75, -77]], "type": "Polygon", "properties": {"N03_001": "滋賀県", "N03_002": null, "N03_003": "犬上郡", "N03_004": "甲良町", "N03_007": "25442", "N03_EN": "INUKAMI GUN KORA CHO"}}, {"arcs": [[-9, -18, -72, -76, -78, -34, -73]], "type": "Polygon", "properties": {"N03_001": "滋賀県", "N03_002": null, "N03_003": "犬上郡", "N03_004": "多賀町", "N03_007": "25443", "N03_EN": "INUKAMI GUN TAGA CHO"}}]}}}