{"type": "Topology", "transform": {"scale": [0.0005259715925207424, 0.00043289358342934705], "translate": [122.94015612240719, 24.045871946033515]}, "arcs": [[[21862, 23435], [2, 40]], [[21424, 23398], [98, 20], [160, -25], [60, -2]], [[21027, 23167], [42, 23], [53, 76]], [[21122, 23266], [138, 3], [32, 35], [-7, 40]], [[21285, 23344], [38, 36]], [[21323, 23380], [34, 20], [67, -2]], [[20418, 23023], [80, 23], [36, 64]], [[20534, 23110], [85, 69], [67, -14]], [[20843, 23226], [37, 33], [104, -90], [43, -2]], [[21813, 23357], [39, 29], [10, 49]], [[21742, 23391], [71, -34]], [[20686, 23165], [3, 42]], [[20689, 23207], [135, 37], [19, -18]], [[21122, 23266], [-48, 51]], [[21074, 23317], [6, 74], [-28, 92], [-53, 71], [16, 42], [-94, 42]], [[20921, 23638], [-35, 86], [53, 37], [-35, 54], [-14, 80]], [[20890, 23895], [68, -58], [67, -23], [92, 2], [60, -13], [95, 83], [66, -19], [-14, -81], [19, -38]], [[21343, 23748], [-20, -36]], [[21323, 23712], [-58, -2], [-37, -220], [8, -72], [49, -74]], [[20659, 23712], [57, -52]], [[20716, 23660], [16, -31], [86, 35], [26, -60]], [[20844, 23604], [-5, -127]], [[20839, 23477], [-96, -10], [-54, 49]], [[20689, 23516], [-50, 76], [-38, -5]], [[20601, 23587], [-22, 64]], [[20579, 23651], [-4, 36], [84, 25]], [[20477, 23916], [38, -66], [-41, -40], [-46, 19], [49, 87]], [[20921, 23638], [-77, -34]], [[20716, 23660], [14, 43], [-27, 39]], [[20703, 23742], [-3, 6], [-13, 27], [0, 31], [70, 14], [0, -71], [71, 65], [-13, 47], [75, 34]], [[20689, 23516], [-15, -7]], [[20674, 23509], [1, -58], [-28, -22]], [[20647, 23429], [-84, 23], [-52, 80]], [[20511, 23532], [90, 55]], [[20418, 23023], [-27, 34], [-99, 12], [-28, 26]], [[20264, 23095], [56, 22], [34, 257]], [[20354, 23374], [44, -48], [76, -32], [13, -84], [21, -12], [26, -88]], [[21323, 23380], [17, 38], [10, 125], [-27, 169]], [[21343, 23748], [100, 54], [74, -10], [14, -60], [-35, -36], [79, -66]], [[21575, 23630], [-21, -32], [-9, -106], [-36, 14], [-85, -43], [0, -65]], [[20354, 23374], [6, 49], [-49, 116], [111, -4], [52, 16]], [[20474, 23551], [37, -19]], [[20647, 23429], [14, -14]], [[20661, 23415], [28, -208]], [[21660, 24295], [-40, -93], [-150, -34], [-63, -59]], [[21407, 24109], [-91, -49], [-13, 40], [64, 90], [98, 22], [50, 37], [92, 14], [53, 32]], [[21190, 24148], [33, -47], [-41, -46], [-56, 30], [34, 58], [30, 5]], [[21660, 24295], [42, -56], [3, -63], [-26, -54], [13, -62], [-37, -36], [-38, 73], [-81, -22], [-54, -121], [-11, 141], [-64, 14]], [[21575, 23630], [34, 8], [78, -60], [82, 5], [38, -73], [57, -35]], [[20970, 24099], [56, -40], [-44, -27], [-12, 67]], [[20659, 23712], [44, 30]], [[21074, 23317], [-146, 51], [-36, 72], [-53, 37]], [[20674, 23509], [42, -86], [-55, -8]], [[20474, 23551], [51, 47], [-8, 40], [62, 13]]], "objects": {"pref_37": {"type": "GeometryCollection", "geometries": [{"arcs": [[-4, 13, 14, 15, 16, 17, 18]], "type": "Polygon", "properties": {"N03_001": "香川県", "N03_002": null, "N03_003": null, "N03_004": "高松市", "N03_007": "37201", "N03_EN": "TAKAMATSU SHI"}}, {"arcs": [[[19, 20, 21, 22, 23, 24, 25]], [[26]]], "type": "MultiPolygon", "properties": {"N03_001": "香川県", "N03_002": null, "N03_003": null, "N03_004": "丸亀市", "N03_007": "37202", "N03_EN": "MARUGAME SHI"}}, {"arcs": [[-16, 27, -21, 28, 29]], "type": "Polygon", "properties": {"N03_001": "香川県", "N03_002": null, "N03_003": null, "N03_004": "坂出市", "N03_007": "37203", "N03_EN": "SAKAIDE SHI"}}, {"arcs": [[-24, 30, 31, 32, 33]], "type": "Polygon", "properties": {"N03_001": "香川県", "N03_002": null, "N03_003": null, "N03_004": "善通寺市", "N03_007": "37204", "N03_EN": "ZENTSUJI SHI"}}, {"arcs": [[-7, 34, 35, 36]], "type": "Polygon", "properties": {"N03_001": "香川県", "N03_002": null, "N03_003": null, "N03_004": "観音寺市", "N03_007": "37205", "N03_EN": "KANONJI SHI"}}, {"arcs": [[-6, 37, -18, 38, 39]], "type": "Polygon", "properties": {"N03_001": "香川県", "N03_002": null, "N03_003": null, "N03_004": "さぬき市", "N03_007": "37206", "N03_EN": "SANUKI SHI"}}, {"arcs": [[-8, -37, 40, 41, -33, 42, 43, -12]], "type": "Polygon", "properties": {"N03_001": "香川県", "N03_002": null, "N03_003": null, "N03_004": "三豊市", "N03_007": "37208", "N03_EN": "MITOYO SHI"}}, {"arcs": [[[44, 45]], [[46]]], "type": "MultiPolygon", "properties": {"N03_001": "香川県", "N03_002": null, "N03_003": "小豆郡", "N03_004": "土庄町", "N03_007": "37322", "N03_EN": "SHOZU GUN TONOSHO CHO"}}, {"arcs": [[-45, 47]], "type": "Polygon", "properties": {"N03_001": "香川県", "N03_002": null, "N03_003": "小豆郡", "N03_004": "小豆島町", "N03_007": "37324", "N03_EN": "SHOZU GUN SHODOSHIMA CHO"}}, {"arcs": [[-1, -10, -11, -2, -40, 48]], "type": "Polygon", "properties": {"N03_001": "香川県", "N03_002": null, "N03_003": null, "N03_004": "東かがわ市", "N03_007": "37207", "N03_EN": "HIGASHIKAGAWA SHI"}}, {"arcs": [[-5, -19, -38]], "type": "Polygon", "properties": {"N03_001": "香川県", "N03_002": null, "N03_003": "木田郡", "N03_004": "三木町", "N03_007": "37341", "N03_EN": "KITA GUN MIKI CHO"}}, {"arcs": [[49]], "type": "Polygon", "properties": {"N03_001": "香川県", "N03_002": null, "N03_003": "香川郡", "N03_004": "直島町", "N03_007": "37364", "N03_EN": "KAGAWA GUN NAOSHIMA CHO"}}, {"arcs": [[-20, 50, -29]], "type": "Polygon", "properties": {"N03_001": "香川県", "N03_002": null, "N03_003": "綾歌郡", "N03_004": "宇多津町", "N03_007": "37386", "N03_EN": "AYAUTA GUN UTAZU CHO"}}, {"arcs": [[-15, 51, -22, -28]], "type": "Polygon", "properties": {"N03_001": "香川県", "N03_002": null, "N03_003": "綾歌郡", "N03_004": "綾川町", "N03_007": "37387", "N03_EN": "AYAUTA GUN AYAGAWA CHO"}}, {"arcs": [[-32, 52, -43]], "type": "Polygon", "properties": {"N03_001": "香川県", "N03_002": null, "N03_003": "仲多度郡", "N03_004": "琴平町", "N03_007": "37403", "N03_EN": "NAKATADO GUN KOTOHIRA CHO"}}, {"arcs": [[-25, -34, -42, 53]], "type": "Polygon", "properties": {"N03_001": "香川県", "N03_002": null, "N03_003": "仲多度郡", "N03_004": "多度津町", "N03_007": "37404", "N03_EN": "NAKATADO GUN TADOTSU CHO"}}, {"arcs": [[-3, -9, -13, -44, -53, -31, -23, -52, -14]], "type": "Polygon", "properties": {"N03_001": "香川県", "N03_002": null, "N03_003": "仲多度郡", "N03_004": "まんのう町", "N03_007": "37406", "N03_EN": "NAKATADO GUN MANNO CHO"}}]}}}