{"type": "Topology", "transform": {"scale": [0.0005259715925207424, 0.00043289358342934705], "translate": [122.94015612240719, 24.045871946033515]}, "arcs": [[[30542, 25974], [27, 92]], [[30569, 26066], [-15, 20], [-17, 140], [-162, 4]], [[30584, 25710], [-24, 16]], [[30560, 25726], [-23, 17]], [[30537, 25743], [-27, 25], [-22, 81]], [[30488, 25849], [-1, 65], [34, 49]], [[30521, 25963], [21, 11]], [[30745, 25631], [-153, 19]], [[30592, 25650], [-8, 60]], [[30272, 26206], [-77, -37], [-43, 6], [-130, -32]], [[29067, 26797], [-19, -4]], [[29271, 26059], [-75, -23], [-21, -29], [-52, 28], [-13, 109], [-36, 18], [49, 84], [3, 54], [-29, 53], [26, 51], [3, 178], [-29, 24], [-30, 147], [0, 44]], [[29739, 26334], [-95, -84], [-7, -70]], [[29341, 25996], [-70, 63]], [[29637, 26180], [13, -112], [-44, -39], [18, -70], [-14, -49], [34, -90], [-18, -56]], [[29626, 25764], [-59, -71], [-58, 26], [-57, 2], [-62, 46]], [[29390, 25767], [-23, 106], [-37, 56], [11, 67]], [[30375, 26230], [-82, -44], [-21, 20]], [[30022, 26143], [-2, 0]], [[30020, 26143], [-94, -12], [-17, 81], [-62, 12]], [[29847, 26224], [-56, -11], [-22, 89], [-30, 32]], [[28861, 26355], [2, -61], [59, -70], [-21, -66], [-50, -11], [-52, -62]], [[28799, 26085], [-50, 21], [-67, -62], [-14, -44]], [[28668, 26000], [-51, 1], [-47, -40], [-72, -20], [-20, -49], [-44, 8]], [[29048, 26793], [-29, -28], [5, -55], [-41, -82], [-62, -5]], [[28434, 25900], [-44, -90], [-65, -15]], [[28921, 26623], [15, -60], [-41, -52], [4, -52], [34, -13], [-2, -79], [-70, -12]], [[29390, 25767], [-2, -231], [74, -55], [-10, -36], [10, -126]], [[29462, 25319], [-23, -33], [-101, -81], [-88, 12], [-62, -29]], [[29188, 25188], [-16, 42], [-83, 81], [-98, 29]], [[28991, 25340], [21, 80]], [[29012, 25420], [19, 48], [-40, 53], [-9, 99], [49, 19], [57, 69], [-30, 57], [-77, -3], [37, 97], [-48, 46], [-60, -9], [-17, 64], [-103, 95], [9, 30]], [[29462, 25319], [73, -103]], [[29535, 25216], [-121, -48], [-102, -60], [-17, -38]], [[29295, 25070], [-56, 49]], [[29239, 25119], [-51, 69]], [[29626, 25764], [-6, -38], [38, -67], [36, 13]], [[29694, 25672], [79, -36], [73, -62]], [[29846, 25574], [-113, -11], [-38, -24], [-67, -136], [-44, -30], [4, -42], [59, 3], [-50, -81], [-62, -37]], [[28126, 24736], [38, -30], [7, -80]], [[28171, 24626], [-81, -51], [-28, 27]], [[28062, 24602], [-21, 84], [25, 38], [-38, 64], [32, 16]], [[28060, 24804], [66, -68]], [[28126, 24736], [9, 61]], [[28135, 24797], [70, 5], [90, -17]], [[28295, 24785], [-37, -137]], [[28258, 24648], [-87, -22]], [[28062, 24602], [-47, -2], [3, -58]], [[28018, 24542], [-150, 19]], [[27868, 24561], [-42, 69], [-19, 75]], [[27807, 24705], [41, 58], [64, 36], [53, -8], [59, 25], [36, -12]], [[28258, 24648], [-29, -106], [21, -55]], [[28250, 24487], [-232, 55]], [[27807, 24705], [-45, 76], [-57, -5], [-37, 36]], [[27668, 24812], [-11, 58], [23, 34]], [[27680, 24904], [47, 33], [79, 26], [41, -5], [20, 52], [83, 47], [35, 119], [30, 2], [55, 57]], [[28070, 25235], [-4, -85], [27, -57], [56, -32]], [[28149, 25061], [-26, -100], [57, -41], [-45, -123]], [[28149, 25061], [9, -38], [80, -49], [57, -3]], [[28295, 24971], [8, -79], [-8, -107]], [[28668, 26000], [-12, -137], [46, -33], [0, -38], [-68, -103], [-3, -46], [109, -93], [-34, -90], [16, -66], [-50, -33], [29, -59]], [[28701, 25302], [-50, -54]], [[28651, 25248], [-155, -83], [-48, -45], [12, -67]], [[28460, 25053], [-91, -30], [-74, -52]], [[28070, 25235], [1, 104]], [[28071, 25339], [68, 96], [67, 50], [5, 50]], [[28211, 25535], [44, 16], [-8, 47], [47, 48], [-22, 62], [53, 87]], [[30321, 25565], [37, -68]], [[30358, 25497], [30, -18]], [[30388, 25479], [-20, -30]], [[30368, 25449], [-10, -126]], [[30358, 25323], [-134, -80], [-28, -56], [-88, -23]], [[30108, 25164], [-26, 77], [40, 121], [116, -24], [91, 39], [-35, 88], [-55, 58], [-70, 50], [-106, 35]], [[30063, 25608], [49, 81], [-11, 53], [75, 69]], [[30176, 25811], [51, -81], [83, -97], [11, -68]], [[30745, 25631], [-65, -100], [-5, -118], [46, -36]], [[30721, 25377], [-90, -2]], [[30631, 25375], [-25, 9], [-19, 109]], [[30587, 25493], [32, 97], [-27, 60]], [[30560, 25726], [-45, -91], [-69, -77], [-16, -46], [-42, -33]], [[30358, 25497], [-5, 84]], [[30353, 25581], [1, 67]], [[30354, 25648], [36, 52], [47, 0], [100, 43]], [[30020, 26143], [4, -7]], [[30024, 26136], [0, -2]], [[30024, 26134], [20, -71], [-51, -102], [-108, -100], [-20, -55], [-63, -87], [-74, 38], [-34, -26], [0, -59]], [[30721, 25377], [-30, -70], [44, -72], [43, -2], [37, -77], [-30, -129], [-94, -63]], [[30691, 24964], [-92, 71]], [[30599, 25035], [45, 60], [-28, 46], [48, 113], [-58, 29], [17, 52]], [[30623, 25335], [8, 40]], [[28991, 25340], [-13, -81], [-32, -16], [-25, -104], [21, -62], [51, -29], [90, -169]], [[29083, 24879], [26, -30]], [[29109, 24849], [-51, -37]], [[29058, 24812], [-124, 34], [-38, -19]], [[28896, 24827], [-72, 39]], [[28824, 24866], [-14, 68], [-44, 40], [-43, 5], [-4, 53], [21, 59], [-28, 29]], [[28712, 25120], [-51, 53], [-10, 75]], [[28701, 25302], [67, -5], [38, -49], [53, 57], [64, 144], [61, 3], [28, -32]], [[30024, 26134], [33, -65]], [[30057, 26069], [18, -80], [78, -157], [23, -17]], [[30176, 25815], [0, -4]], [[30063, 25608], [-83, 12], [-134, -46]], [[28460, 25053], [-53, -77], [-17, -82]], [[28390, 24894], [-42, -28], [28, -73], [44, -20], [26, -79], [-11, -87], [30, -73]], [[28465, 24534], [-215, -47]], [[29295, 25070], [-40, -72], [19, -90], [-82, -141]], [[29192, 24767], [-83, 82]], [[29083, 24879], [70, 13], [15, 120], [71, 107]], [[28824, 24866], [-72, -94], [-29, -63], [58, -97], [12, -91]], [[28793, 24521], [-12, -43]], [[28781, 24478], [-205, 53]], [[28576, 24531], [-11, 80], [23, 47], [63, 39], [-98, 49], [-39, 73], [6, 71]], [[28520, 24890], [40, 94], [40, 38], [53, 83], [59, 15]], [[30488, 25849], [-112, -37], [-39, 34], [-42, 88], [-40, 7], [-78, -26], [-120, 154]], [[30024, 26136], [250, -32], [97, 0], [86, -29], [11, -52], [53, -60]], [[28390, 24894], [35, -20], [-11, -51], [67, 12], [39, 55]], [[28576, 24531], [-111, 3]], [[30520, 24653], [-69, -96], [-73, -55], [-25, -54]], [[30353, 24448], [-37, 106], [11, 58], [-76, 17]], [[30251, 24629], [13, 65], [65, 48], [8, 40]], [[30337, 24782], [92, -30], [39, -88], [52, -11]], [[30354, 25648], [-81, 108], [-97, 59]], [[27868, 24561], [-50, 5], [-165, -14]], [[27653, 24552], [13, 65], [-33, 110], [5, 57], [30, 28]], [[30358, 25323], [16, -39], [183, 52], [66, -1]], [[30599, 25035], [-26, -54], [-39, 8], [-64, -50]], [[30470, 24939], [-85, -35], [-55, 20]], [[30330, 24924], [-13, 28], [-88, 41], [-12, 39], [-104, -26], [-22, -28]], [[30091, 24978], [-20, 62], [62, 48], [-25, 76]], [[28793, 24521], [33, -7], [19, 61], [64, 31]], [[28909, 24606], [53, -37], [19, -51], [-23, -82], [68, -9]], [[29026, 24427], [-29, -45], [-216, 96]], [[28896, 24827], [13, -221]], [[30368, 25449], [115, 43], [104, 1]], [[29058, 24812], [22, -23], [20, -83]], [[29100, 24706], [-42, -43], [-54, -133], [-4, -47], [26, -56]], [[30691, 24964], [-6, -66], [-41, -89], [-61, -49]], [[30583, 24760], [-25, 58], [-88, 121]], [[30353, 24448], [-76, -23], [-41, -43], [-67, 64], [-61, 30], [2, 79], [-69, 57]], [[30041, 24612], [96, 34], [41, -30], [73, 13]], [[30337, 24782], [-38, 34]], [[30299, 24816], [31, 108]], [[30583, 24760], [-41, -30], [-22, -77]], [[30041, 24612], [2, 55], [64, 89]], [[30107, 24756], [54, 21], [56, 51], [82, -12]], [[30107, 24756], [-46, 134], [40, 61], [-10, 27]], [[30321, 25565], [32, 16]], [[29192, 24767], [-92, -61]]], "objects": {"pref_22": {"type": "GeometryCollection", "geometries": [{"arcs": [[-11, -12, -14, -17, 27, 28, 29, 30, 31, -22, -27, -25]], "type": "Polygon", "properties": {"N03_001": "静岡県", "N03_002": null, "N03_003": "静岡市", "N03_004": "葵区", "N03_007": "22101", "N03_EN": "SHIZUOKA SHI AOI KU"}}, {"arcs": [[-29, 32, 33, 34, 35]], "type": "Polygon", "properties": {"N03_001": "静岡県", "N03_002": null, "N03_003": "静岡市", "N03_004": "駿河区", "N03_007": "22102",