{"type": "Topology", "transform": {"scale": [0.0005259715925207424, 0.00043289358342934705], "translate": [122.94015612240719, 24.045871946033515]}, "arcs": [[[33691, 39046], [31, -137], [28, -67], [88, -70], [121, 22], [112, 114], [-3, 35]], [[34068, 38943], [43, -4], [29, -53], [66, -54], [44, -81], [49, -34]], [[34299, 38717], [-37, -77], [-96, -37], [-18, -43], [99, -45], [49, -49]], [[34296, 38466], [-45, -117], [-96, 17], [-79, -103]], [[34076, 38263], [-36, -9]], [[34040, 38254], [-73, 91], [-75, 48], [-70, 1], [-117, -22], [-64, 76], [-107, -6]], [[33534, 38442], [-56, 19], [-52, 61]], [[33426, 38522], [-2, 18]], [[33424, 38540], [110, 87], [-11, 30], [14, 140], [24, 64], [-33, 83], [24, 69], [-61, 49], [-4, 32]], [[33487, 39094], [204, -48]], [[33081, 38608], [153, -52], [12, -34]], [[33246, 38522], [66, -84], [8, -34]], [[33320, 38404], [60, -65]], [[33380, 38339], [32, -63]], [[33412, 38276], [24, -16], [0, -70], [26, -47], [75, 13], [35, -47]], [[33572, 38109], [-85, 14], [-34, -44], [-97, -27], [-41, -35], [-7, -53], [-42, -5]], [[33266, 37959], [-59, -8], [-36, 29], [-75, -45]], [[33096, 37935], [-37, 35], [-9, 62], [-41, 41], [16, 58], [-5, 96], [-74, 51], [-60, -27], [-50, -53], [-25, -58], [-66, 1]], [[32745, 38141], [3, 70], [76, 51], [29, 73], [113, 32], [110, 103], [-93, 22], [0, 42], [78, 70]], [[33061, 38604], [20, 4]], [[35565, 37951], [-77, -27], [-40, 30], [-53, -4], [-10, -41], [-63, 1], [3, -121], [64, -106]], [[35389, 37683], [-73, -12], [-66, 52], [-74, 0], [-66, -43], [-26, 8]], [[35084, 37688], [-19, 20], [8, 84], [26, 39], [74, 16], [25, 43], [-171, 108]], [[35027, 37998], [-16, 51], [56, 16], [74, 89], [-23, 43]], [[35118, 38197], [98, 52]], [[35216, 38249], [76, -140], [60, -37], [79, 37], [134, -158]], [[34040, 38254], [-36, -18], [-26, -59], [-84, -5], [-40, -76], [-69, 0], [-77, 54], [-37, 76], [-82, 43], [-47, 43]], [[33542, 38312], [-21, 96]], [[33521, 38408], [13, 34]], [[33424, 38540], [-40, 63]], [[33384, 38603], [-45, 0], [-59, 34], [-13, 42]], [[33267, 38679], [-1, 46], [-70, 92], [-1, 39], [49, 63], [-12, 65]], [[33232, 38984], [158, 61], [37, 110]], [[33427, 39155], [60, -61]], [[33179, 39458], [29, -14]], [[33208, 39444], [110, -21]], [[33318, 39423], [-15, -18]], [[33303, 39405], [-36, -73], [-87, -114], [-47, -25]], [[33133, 39193], [-92, -29]], [[33041, 39164], [10, 129], [-9, 86], [-26, 32]], [[33016, 39411], [87, 7], [76, 40]], [[34296, 38466], [47, -62], [81, -14], [31, -50], [44, -19], [78, 18], [84, 69], [4, 25]], [[34665, 38433], [176, 34], [8, -77]], [[34849, 38390], [-20, -79], [85, -144]], [[34914, 38167], [-54, -71], [-95, -14], [-77, -82]], [[34688, 38000], [-125, 0], [-168, -49], [-57, -46], [-30, -64]], [[34308, 37841], [-111, -14]], [[34197, 37827], [-66, 6], [-59, 39], [36, 161]], [[34108, 38033], [-37, 68], [5, 162]], [[35170, 38404], [-157, -16]], [[35013, 38388], [-45, 26], [-15, 59]], [[34953, 38473], [-5, 55], [56, -2], [13, 104], [-20, 82], [38, 80]], [[35035, 38792], [23, 102], [25, 9]], [[35083, 38903], [46, -333], [41, -166]], [[34805, 39999], [-39, -113], [53, -47], [-14, -99], [108, 1], [42, -23], [26, -56], [-31, -141]], [[34950, 39521], [-88, -8]], [[34862, 39513], [-32, 127], [-49, 82], [-68, 71], [-73, 14], [-41, -72], [11, -29], [-58, -48], [-74, -30], [-31, -40], [-144, 37], [-71, -59], [-54, 5], [-160, -60], [-40, -51], [-54, 8], [-36, 38], [0, 110], [27, 34]], [[33915, 39650], [61, 48], [40, 93], [6, 63], [65, 52], [10, 33], [112, 134], [14, 64]], [[34223, 40137], [52, 33]], [[34275, 40170], [52, 11], [62, -44], [62, 53], [105, 27]], [[34556, 40217], [147, -159], [102, -59]], [[33061, 38604], [-71, 36], [-41, 63], [-39, 1]], [[32910, 38704], [37, 67], [56, 176], [38, 217]], [[33133, 39193], [45, -84], [-29, -57], [68, -35], [15, -33]], [[33267, 38679], [-44, -31], [-75, 2], [-67, -42]], [[34108, 38033], [-66, -6], [-66, -47], [-5, -68], [-86, -15], [-89, -55], [-54, -1], [-22, -33]], [[33720, 37808], [-58, -22], [-41, 49], [-65, 27]], [[33556, 37862], [17, 91], [43, 52], [52, -10], [58, 40], [-30, 45], [-124, 29]], [[33412, 38276], [43, 34], [87, 2]], [[34068, 38943], [21, 26], [-21, 94], [40, 120], [112, -30], [82, -78], [29, -56], [88, -51], [39, -4], [38, -62]], [[34496, 38902], [-70, -21], [-15, -85]], [[34411, 38796], [-40, -8], [-22, -47]], [[34349, 38741], [-50, -24]], [[33208, 39444], [67, 71], [13, 86]], [[33288, 39601], [80, -6], [69, 81], [53, 7], [74, -18]], [[33564, 39665], [18, -59], [-40, -36], [-31, -99], [-56, -67], [-74, -1], [-63, 20]], [[33427, 39155], [-6, 63]], [[33421, 39218], [98, 18], [146, -4]], [[33665, 39232], [26, -186]], [[33564, 39665], [73, -58], [22, -44], [-23, -164], [29, -167]], [[33421, 39218], [-46, 69], [2, 36], [-62, 45], [-12, 37]], [[33179, 39458], [-54, 60], [18, 132], [-20, 58], [-38, 32]], [[33085, 39740], [104, -34], [19, -35], [80, -70]], [[32709, 38592], [42, -54], [-114, -140], [-20, -75], [12, -196], [-55, -135], [-9, -54]], [[32565, 37938], [-57, -19], [-71, -64], [-118, -10]], [[32319, 37845], [21, 150], [-19, 136], [-41, 77], [-95, -3], [-14, 73], [77, 68], [66, 21], [81, 111], [35, 93], [129, 55], [96, -59], [54, 25]], [[34805, 39999], [96, -25], [71, 14], [132, 64], [100, 94], [5, -105], [-32, -51], [-71, -274], [-31, -196], [14, -50]], [[35089, 39470], [-92, -59]], [[34997, 39411], [-47, 110]], [[33915, 39650], [3, 100], [30, 59], [6, 97], [33, 40], [22, 120], [103, 180]], [[34112, 40246], [49, -80], [62, -29]], [[34737, 37811], [26, -33], [75, 5], [89, -34], [12, -34]], [[34939, 37715], [-47, -48], [-84, -25], [-96, -77], [-73, -6]], [[34639, 37559], [44, 65], [-7, 53], [-130, 47], [-110, -1], [-124, 44]], [[34312, 37767], [-9, 39]], [[34303, 37806], [106, -24], [88, 25], [134, 22], [106, -18]], [[35027, 37998], [-83, -44], [-65, -76], [-98, -55]], [[34781, 37823], [-6, 80], [-69, 38], [-18, 59]], [[34914, 38167], [145, 40]], [[35059, 38207], [59, -10]], [[34639, 37559], [-113, -57], [19, -44], [-64, -20], [-95, -71]], [[34386, 37367], [-88, -5], [-47, 65]], [[34251, 37427], [-18, 24], [43, 183], [51, 41], [-15, 92]], [[35084, 37688], [-81, -69]], [[35003, 37619], [-64, 96]], [[34737, 37811], [44, 12]], [[35565, 37951], [69, -56]], [[35634, 37895], [-98, -70], [-68, -18], [-27, -89]], [[35441, 37718], [-52, -35]], [[34303, 37806], [5, 35]], [[32745, 38141], [-48, -40], [-35, -63], [64, -115], [-11, -56]], [[32715, 37867], [-75, -5]], [[32640, 37862], [-16, 39], [-59, 37]], [[32709, 38592], [90, 71], [69, -3], [42, 44]], [[33096, 37935], [-24, -65]], [[33072, 37870], [-69, 15], [-90, -10], [-59, -24], [-76, 23], [-63, -7]], [[33521, 38408], [-141, -69]], [[33320, 38404], [119, 72], [-13, 46]], [[33556, 37862], [-109, -57], [-104, 96], [-64, -5], [-13, 63]], [[33246, 38522], [63, 21], [24, 49], [51, 11]], [[33016, 39411], [-33, 30], [63, 65], [23, 74], [-9, 91], [25, 69]], [[34496, 38902], [37, -32], [86, 16], [78, 89], [59, 124]], [[34756, 39099], [66, -5]], [[34822, 39094], [-44, -87]], [[34778, 39007], [-14, -66], [-57, -77], [-114, -70], [-98, -20], [-84, 22]], [[34349, 38741], [18, -32], [70, -9], [157, 12], [85, -42], [10, -41], [63, -27], [66, -4], [-29, -53], [-100, -48], [-24, -64]], [[34849, 38390], [104, 83]], [[35013, 38388], [13, -49], [-33, -40], [17, -83], [49, -9]], [[34997, 39411], [-6, -96], [-51, -54], [7, -30], [-45, -55], [-47, -24], [-33, -58]], [[34756, 39099], [32, 116], [8, 142], [25, 86], [41, 70]], [[34778, 39007], [56, -27], [15, -172], [73, -32], [14, 36], [99, -20]], [[35089, 39470], [5, -73], [-24, -196], [2, -211], [11, -87]], [[35170, 38404], [46, -155]], [[34112, 40246], [52, 82], [-23, 52], [76, 7]], [[34217, 40387], [38, -64], [7, -66], [-17, -64], [30, -23]], [[34217, 40387], [69, -70], [55, -31], [106, -5], [109, -64]]], "objects": {"pref_2": {"type": "GeometryCollection", "geometries": [{"arcs": [[0, 1, 2, 3, 4, 5, 6, 7, 8, 9]], "type": "Polygon", "properties": {"N03_001": "青森県", "N03_002": null, "N03_003": null, "N03_004": "青森市", "N03_007": "02201",