{"type": "Topology", "transform": {"scale": [0.0005259715925207424, 0.00043289358342934705], "translate": [122.94015612240719, 24.045871946033515]}, "arcs": [[[9005, 5081], [16, -7]], [[9021, 5074], [36, -21], [66, 7]], [[9123, 5060], [-5, -43]], [[9118, 5017], [-54, -63]], [[9064, 4954], [-34, 9], [-87, -39]], [[8943, 4924], [-17, 53], [26, 38], [62, 22], [-24, 46], [12, 0], [3, -2]], [[9200, 5198], [15, -20]], [[9215, 5178], [-34, -77]], [[9181, 5101], [-31, -6]], [[9150, 5095], [-41, 11], [-13, 38]], [[9096, 5144], [62, 52]], [[9158, 5196], [42, 2]], [[2617, 1308], [41, -16], [-7, -79], [-57, -56], [8, -35], [-47, -54], [-5, -41], [-58, -64], [-2, -75], [16, -41], [-16, -123], [-26, -33], [-63, 22], [-20, -45], [-43, -12], [-111, 86], [49, 42], [11, 66], [-43, 48], [-62, -26], [-14, 60], [57, -12], [24, 70], [56, -46], [50, -13], [26, 20], [58, -5], [12, 98], [55, 51], [32, -35], [43, 151], [36, 97]], [[9194, 4950], [86, 7], [16, -61], [-70, -70], [-58, -21]], [[9168, 4805], [-60, 61], [-2, 38]], [[9106, 4904], [32, 69]], [[9138, 4973], [56, -23]], [[126, 990], [61, -27], [-50, -59], [-87, 1], [-50, 15], [43, 66], [83, 4]], [[9021, 5074], [41, 71], [34, -1]], [[9150, 5095], [-27, -35]], [[9773, 6006], [34, -71]], [[9807, 5935], [58, -52]], [[9865, 5883], [30, -47], [-9, -38], [-55, -11], [-38, -34], [-51, 35], [-54, -8], [33, -64], [-105, -25]], [[9616, 5691], [-60, 32], [-48, -30]], [[9508, 5693], [-22, 49]], [[9486, 5742], [88, 63], [14, 60], [-119, 57], [-39, -9]], [[9430, 5913], [39, 66], [73, 12]], [[9542, 5991], [56, 17]], [[9598, 6008], [69, -45], [106, 43]], [[9501, 6722], [38, -48], [-35, -53], [-33, 16], [-4, 67], [34, 18]], [[7293, 5418], [54, -48], [37, -56], [-35, -52], [-11, -70], [-36, 26], [-33, 69], [-88, 43], [0, 49], [112, 39]], [[9057, 4906], [-14, -42], [29, -76], [38, -47]], [[9110, 4741], [-98, -54], [-45, 22], [24, 157]], [[8991, 4866], [66, 40]], [[9321, 5287], [-27, -70]], [[9294, 5217], [-38, 43], [-45, -12]], [[9211, 5248], [-13, 58]], [[9198, 5306], [13, 151]], [[9211, 5457], [2, 18]], [[9213, 5475], [5, 13]], [[9218, 5488], [84, -88], [-20, -60], [39, -53]], [[9064, 4954], [12, -24]], [[9076, 4930], [-19, -24]], [[8991, 4866], [-48, 58]], [[9218, 5488], [89, 65]], [[9307, 5553], [12, -33]], [[9319, 5520], [4, -9]], [[9323, 5511], [-32, -20], [84, -80], [3, -61], [29, -49], [52, -43], [-31, -40], [-69, 92], [-38, -23]], [[4186, 1840], [64, -66], [-54, -17], [-10, 83]], [[4227, 1893], [93, -50], [17, -69], [-30, -23], [-53, 18], [-42, 59], [15, 65]], [[4424, 2007], [34, -74], [26, -13], [28, -93], [36, -29], [-1, -44], [39, -35], [70, -16], [26, -39], [58, -12], [31, -82], [-146, 7], [-121, -39], [-92, 56], [-14, 40], [54, 28], [-49, 67], [47, 44], [-7, 54], [37, 20], [-47, 108], [-9, 52]], [[10123, 6057], [-81, 93], [-42, -43]], [[10000, 6107], [-86, 65]], [[9914, 6172], [2, 52], [50, 20], [94, 112], [58, 160], [53, -47], [59, -79], [10, -68], [-17, -111], [-21, -11], [-51, -120], [-28, -23]], [[1610, 60], [16, -60], [-66, 6], [-12, 33], [62, 21]], [[2023, 480], [50, -37], [-55, -31], [5, 68]], [[1601, 904], [56, -60], [200, -76], [41, -29], [-17, -87], [-36, -20], [-57, -146], [-34, 0], [-56, 36], [-52, -5], [-97, 23], [-61, 46], [-7, -49], [-74, 11], [-35, 58], [41, 52], [48, -16], [38, 23], [37, -26], [10, 71], [-14, 82], [69, 112]], [[9773, 6006], [42, 42], [-8, 36], [38, 55], [69, 33]], [[10000, 6107], [-58, -86], [-63, -8], [-72, -78]], [[10123, 6057], [-49, -83], [-108, -19], [-43, 16], [-15, -76], [-43, -12]], [[9542, 5991], [-1, 48], [-78, 53], [2, 44]], [[9465, 6136], [77, 12], [89, -45], [-33, -95]], [[9430, 5913], [-38, 71], [17, 83], [-28, 29], [11, 43], [73, -3]], [[9508, 5693], [-25, -24]], [[9483, 5669], [-29, -39], [-85, -15], [-62, -62]], [[9213, 5475], [-84, 15]], [[9129, 5490], [61, 46], [25, -17], [92, 103], [9, 37], [51, 34], [99, 17], [20, 32]], [[9616, 5691], [-13, -79], [-84, -25]], [[9519, 5587], [-36, 82]], [[9519, 5587], [-5, -51], [-142, 35], [-51, -47]], [[9321, 5524], [-2, -4]], [[9255, 6222], [40, -35], [-34, -40], [-96, 4], [-1, 67], [91, 4]], [[9211, 5457], [-30, -85], [-58, -22]], [[9123, 5350], [-48, 114], [2, 69], [52, -43]], [[9198, 5306], [-61, 0]], [[9137, 5306], [-14, 44]], [[9158, 5196], [-21, 110]], [[9211, 5248], [-11, -50]], [[9294, 5217], [-27, -33]], [[9267, 5184], [-52, -6]], [[9267, 5184], [-31, -57], [-20, -77]], [[9216, 5050], [-35, 51]], [[9216, 5050], [-33, -57]], [[9183, 4993], [-54, 17]], [[9129, 5010], [-11, 7]], [[9138, 4973], [-9, 37]], [[9183, 4993], [11, -43]], [[9106, 4904], [-30, 26]], [[8398, 5037], [32, -56], [-49, -81], [-17, 35], [34, 102]], [[15781, 4219], [62, -45], [-30, -81], [-45, -12], [-38, 24], [13, 101], [38, 13]], [[15867, 4424], [88, -23], [-51, -52], [-37, 75]], [[9659, 7042], [-37, -45], [-18, -71], [-51, -21], [-26, 23], [85, 101], [47, 13]], [[9168, 4805], [-58, -64]], [[3366, 1459], [29, -62], [-34, -29], [-62, 12], [-5, 51], [72, 28]]], "objects": {"pref_47": {"type": "GeometryCollection", "geometries": [{"arcs": [[0, 1, 2, 3, 4, 5]], "type": "Polygon", "properties": {"N03_001": "沖縄県", "N03_002": null, "N03_003": null, "N03_004": "那覇市", "N03_007": "47201", "N03_EN": "NAHA SHI"}}, {"arcs": [[6, 7, 8, 9, 10, 11]], "type": "Polygon", "properties": {"N03_001": "沖縄県", "N03_002": null, "N03_003": null, "N03_004": "宜野湾市", "N03_007": "47205", "N03_EN": "GINOWAN SHI"}}, {"arcs": [[12]], "type": "Polygon", "properties": {"N03_001": "沖縄県", "N03_002": null, "N03_003": null, "N03_004": "石垣市", "N03_007": "47207", "N03_EN": "ISHIGAKI SHI"}}, {"arcs": [[13, 14, 15, 16]], "type": "Polygon", "properties": {"N03_001": "沖縄県", "N03_002": null, "N03_003": null, "N03_004": "南城市", "N03_007": "47215", "N03_EN": "NANJO SHI"}}, {"arcs": [[17]], "type": "Polygon", "properties": {"N03_001": "沖縄県", "N03_002": null, "N03_003": "八重山郡", "N03_004": "与那国町", "N03_007": "47382", "N03_EN": "YAEYAMA GUN YONAGUNI CHO"}}, {"arcs": [[-2, 18, -10, 19]], "type": "Polygon", "properties": {"N03_001": "沖縄県", "N03_002": null, "N03_003": null, "N03_004": "浦添市", "N03_007": "47208", "N03_EN": "URASOE SHI"}}, {"arcs": [[20, 21, 22, 23, 24, 25, 26, 27, 28]], "type": "Polygon", "properties": {"N03_001": "沖縄県", "N03_002": null, "N03_003": null, "N03_004": "名護市", "N03_007": "47209", "N03_EN": "NAGO SHI"}}, {"arcs": [[29]], "type": "Polygon", "properties": {"N03_001": "沖縄県", "N03_002": null, "N03_003": "島尻郡", "N03_004": "伊是名村", "N03_007": "47360", "N03_EN": "SHIMAJIRI GUN IZENA SON"}}, {"arcs": [[30]], "type": "Polygon", "properties": {"N03_001": "沖縄県", "N03_002": null, "N03_003": "島尻郡", "N03_004": "久米島町", "N03_007": "47361", "N03_EN": "SHIMAJIRI GUN KUMEJIMA CHO"}}, {"arcs": [[31, 32, 33]], "type": "Polygon", "properties": {"N03_001": "沖縄県", "N03_002": null, "N03_003": null, "N03_004": "糸満市", "N03_007": "47210", "N03_EN": "ITOMAN SHI"}}, {"arcs": [[34, 35, 36, 37, 38, 39, 40]], "type": "Polygon", "properties": {"N03_001": "沖縄県", "N03_002": null, "N03_003": null, "N03_004": "沖縄市", "N03_007": "47211", "N03_EN": "OKINAWA SHI"}}, {"arcs": [[-5, 41, 42, -34, 43]], "type": "Polygon", "properties": {"N03_001": "沖縄県", "N03_002": null, "N03_003": null, "N03_004": "豊見城市", "N03_007": "47212", "N03_EN": "TOMIGUSUKU SHI"}}, {"arcs": [[-41, 44, 45, 46, 47]], "type": "Polygon", "properties": {"N03_001": "沖縄県", "N03_002": null, "N03_003": null, "N03_004": "うるま市", "N03_007": "47213", "N03_EN": "URUMA SHI"}}, {"arcs": [[[48]], [[49]], [[50]]], "type": "MultiPolygon", "properties": {"N03_001": "沖縄県", "N03_002": null, "N03_003": null, "N03_004": "宮古島市", "N03_007": "47214", "N03_EN": "MIYAKOJIMA SHI"}}, {"arcs": [[51, 52, 53]], "type": "Polygon", "properties": {"N03_001": "沖縄県", "N03_002": null, "N03_003": "国頭郡", "N03_004": "国頭村", "N03_007": "47301", "N03_EN": "KUNIGAMI GUN KUNIGAMI SON"}}, {"arcs": [[[54]], [[55]], [[56]]], "type": "MultiPolygon", "properties": {"N03_001": "沖縄県", "N03_002": null, "N03_003": "八重山郡", "N03_004": "竹富町", "N03_007": "47381",