{"type": "Topology", "transform": {"scale": [0.0005259715925207424, 0.00043289358342934705], "translate": [122.94015612240719, 24.045871946033515]}, "arcs": [[[24642, 22488], [-19, 48], [-67, 43], [4, 122]], [[24592, 22675], [50, 55], [-39, 55]], [[24657, 22806], [39, 53], [76, -26], [30, 89], [53, 13], [-18, 82]], [[24853, 22355], [-55, 30], [-37, -27], [-45, 33], [-74, 97]], [[23790, 23803], [-17, -5]], [[23773, 23798], [-19, 1]], [[23754, 23799], [-47, -15]], [[23707, 23784], [-55, -31], [-79, 15]], [[24167, 23880], [-141, -17], [-91, -57]], [[23935, 23806], [-33, -30], [-50, 57]], [[23852, 23833], [-62, -30]], [[23573, 23768], [-16, -42]], [[23557, 23726], [-91, 3]], [[23466, 23729], [-22, -13]], [[23444, 23716], [-32, 8], [-56, -35], [-32, 17]], [[23324, 23706], [-10, -47], [-134, -35], [-42, 3], [-33, 88]], [[24278, 23477], [34, 27], [-17, 99], [-71, 19]], [[24224, 23622], [-40, 128], [6, 65], [-23, 65]], [[23977, 23152], [-6, 0]], [[23971, 23152], [-4, 69]], [[23967, 23221], [62, 42], [12, 56], [37, 32]], [[24078, 23351], [33, 9], [38, 58], [-14, 49], [26, 33], [56, 11], [61, -34]], [[24560, 22701], [-5, 34], [-74, 41], [-28, -22]], [[24453, 22754], [-87, -25], [-61, 42], [-73, 1], [-71, -62], [-80, 51], [23, 129], [36, -10], [-1, 91], [-28, 46], [-50, 4], [8, 47], [-36, 56], [-56, 28]], [[24670, 22931], [-42, -52], [29, -73]], [[24603, 22785], [-42, -19], [46, -51], [-15, -40]], [[24837, 23017], [-36, -42], [-131, -44]], [[23444, 23716], [3, -136], [67, -3], [13, -31]], [[23527, 23546], [-76, -39], [19, -44]], [[23470, 23463], [-15, -63], [-69, 15], [-71, -20], [-20, -32]], [[23295, 23363], [-28, 45], [-71, 31], [8, 52], [-44, 23], [3, 38], [-65, 45], [-28, 46], [0, 57], [35, 15]], [[23470, 23463], [64, -22]], [[23534, 23441], [-45, -73], [5, -59]], [[23494, 23309], [-24, -36], [-87, 4], [-65, -51], [-33, -5]], [[23285, 23221], [-90, -9], [-53, 43]], [[23142, 23255], [41, 14], [-3, 45], [66, -9], [49, 58]], [[24224, 23622], [-51, -70], [-42, 17]], [[24131, 23569], [-12, 82], [-66, -14], [-94, 60]], [[23959, 23697], [-28, 58], [4, 51]], [[23285, 23221], [-2, -84]], [[23283, 23137], [-90, -11]], [[23193, 23126], [-66, 33], [-14, 46], [29, 50]], [[24472, 21796], [84, -24], [-51, -34], [-33, 58]], [[24137, 21855], [-17, 60], [10, 92]], [[24130, 22007], [58, -39], [8, -50], [65, -34], [58, 24], [27, -30], [170, 44], [-11, 54], [20, 51]], [[24525, 22027], [77, -5], [36, -76]], [[24638, 21946], [-194, -114], [-43, -59], [-29, 30], [-61, -16], [-53, 30], [-45, -6], [-76, 44]], [[23308, 22722], [0, -159]], [[23308, 22563], [-48, 45], [-41, 99]], [[23219, 22707], [-21, 88]], [[23198, 22795], [29, 66], [32, 24]], [[23259, 22885], [-2, -90], [51, -73]], [[24453, 22754], [9, -25], [-25, -92], [70, -78], [-60, -97], [-48, 6], [-35, -52], [-62, -50]], [[24302, 22366], [-59, -39], [-26, -44], [-43, -7], [5, -75]], [[24179, 22201], [-100, -28], [-94, 41], [-18, 67], [-65, 22]], [[23902, 22303], [-31, 2], [-35, 64], [19, 51], [-89, -24], [-12, -38], [-59, -49], [-12, -38]], [[23683, 22271], [-27, 10]], [[23656, 22281], [21, 55], [-109, 71]], [[23568, 22407], [38, 146], [66, 66], [99, 8], [15, 31], [-95, 77]], [[23691, 22735], [-15, 67]], [[23676, 22802], [60, 68], [115, -14], [107, 51], [12, 27], [-36, 112], [-45, 45]], [[23889, 23091], [58, 21], [24, 40]], [[24853, 22355], [-74, -123]], [[24779, 22232], [-81, 48], [-26, -26], [-67, 69], [-60, 21], [-51, -62], [-85, 25]], [[24409, 22307], [-24, -5], [-83, 64]], [[23219, 22707], [-78, 41], [-103, -31]], [[23038, 22717], [57, 52], [69, 0], [34, 26]], [[23038, 22717], [35, 53], [0, 74], [51, 45]], [[23124, 22889], [38, -19], [60, 68], [40, 19]], [[23262, 22957], [5, -64]], [[23267, 22893], [-8, -8]], [[24137, 21855], [-108, 1], [-126, 42], [-47, 56], [-51, -4]], [[23805, 21950], [82, 150], [46, -10], [31, 63], [44, 0], [103, -37], [41, 8]], [[24152, 22124], [32, -59], [1, -50], [-55, -8]], [[23773, 23798], [48, -80], [-41, -65], [76, -122], [-14, -70]], [[23842, 23461], [-92, -59], [-62, 29], [-83, -11], [-71, 21]], [[23527, 23546], [36, 21], [6, 129], [-12, 30]], [[23842, 23461], [53, -66], [-37, -43]], [[23858, 23352], [-115, -91], [-47, 14], [-55, -19], [-69, 1], [-40, -21], [-38, 73]], [[23959, 23697], [-30, -113], [13, -37]], [[23942, 23547], [-22, -3], [-17, -122], [50, -66], [60, 41], [65, -46]], [[23967, 23221], [-24, 7], [-51, 98], [-34, 26]], [[24131, 23569], [-34, -35], [-77, 38], [-78, -25]], [[23283, 23137], [24, -63], [62, -8], [16, -33]], [[23385, 23033], [-55, -15], [-76, 50]], [[23254, 23068], [-61, 58]], [[23262, 22957], [-77, 37]], [[23185, 22994], [30, 57], [39, 17]], [[23385, 23033], [75, -29]], [[23460, 23004], [-39, -33], [-8, -58], [-62, -28], [-84, 8]], [[23889, 23091], [-72, -24], [-29, 22], [-180, -83], [-62, 9], [-86, -11]], [[23124, 22889], [-43, 3], [25, 87], [79, 15]], [[23308, 22722], [125, -23], [45, 47], [88, 46], [110, 10]], [[23691, 22735], [-85, 0], [-88, -70], [-26, -88], [-49, -10], [-8, -74]], [[23435, 22493], [-127, 70]], [[23568, 22407], [-46, 55], [-87, 31]], [[24179, 22201], [-27, -77]], [[23805, 21950], [-32, 35], [-65, 29], [-45, 56], [18, 62], [-26, 57], [-95, 34], [24, 53], [72, 5]], [[23683, 22271], [94, -32], [100, -13], [25, 77]], [[24525, 22027], [-33, 14], [-3, 77], [-30, 34], [-16, 91], [-34, 64]], [[24779, 22232], [6, -24], [-71, -33], [-5, -65]], [[24709, 22110], [-16, -18]], [[24693, 22092], [-4, -10], [6, -12], [20, -50], [-23, -2], [-54, -72]], [[24709, 22110], [-16, -18], [0, 0]]], "objects": {"pref_30": {"type": "GeometryCollection", "geometries": [{"arcs": [[-15, 27, 28, 29, 30, -16]], "type": "Polygon", "properties": {"N03_001": "和歌山県", "N03_002": null, "N03_003": null, "N03_004": "和歌山市", "N03_007": "30201", "N03_EN": "WAKAYAMA SHI"}}, {"arcs": [[-30, 31, 32, 33, 34, 35]], "type": "Polygon", "properties": {"N03_001": "和歌山県", "N03_002": null, "N03_003": null, "N03_004": "海南市", "N03_007": "30202", "N03_EN": "KAINAN SHI"}}, {"arcs": [[-9, -18, 36, 37, 38]], "type": "Polygon", "properties": {"N03_001": "和歌山県", "N03_002": null, "N03_003": null, "N03_004": "橋本市", "N03_007": "30203", "N03_EN": "HASHIMOTO SHI"}}, {"arcs": [[-35, 39, 40, 41]], "type": "Polygon", "properties": {"N03_001": "和歌山県", "N03_002": null, "N03_003": null, "N03_004": "有田市", "N03_007": "30204", "N03_EN": "ARIDA SHI"}}, {"arcs": [[[42]], [[43, 44, 45, 46]]], "type": "MultiPolygon", "properties": {"N03_001": "和歌山県", "N03_002": null, "N03_003": "東牟婁郡", "N03_004": "串本町", "N03_007": "30428", "N03_EN": "HIGASHIMURO GUN KUSHIMOTO CHO"}}, {"arcs": [[47, 48, 49, 50, 51]], "type": "Polygon", "properties": {"N03_001": "和歌山県", "N03_002": null, "N03_003": null, "N03_004": "御坊市", "N03_007": "30205", "N03_EN": "GOBO SHI"}}, {"arcs": [[-19, -24, 52, 53, 54, 55, 56, 57, 58, 59, 60, 61]], "type": "Polygon", "properties": {"N03_001": "和歌山県", "N03_002": null, "N03_003": null, "N03_004": "田辺市", "N03_007": "30206", "N03_EN": "TANABE SHI"}}, {"arcs": [[[-1, -4, 62, 63, 64, -53, -23]], [[-2, -26]]], "type": "MultiPolygon", "properties": {"N03_001": "和歌山県", "N03_002": null, "N03_003": null, "N03_004": "新宮市", "N03_007": "30207", "N03_EN": "SHINGU SHI"}}, {"arcs": [[-50, 65, 66]], "type": "Polygon", "properties": {"N03_001": "和歌山県", "N03_002": null, "N03_003": "日高郡", "N03_004": "美浜町", "N03_007": "30381", "N03_EN": "HIDAKA GUN MIHAMA CHO"}}, {"arcs": [[-51, -67, 67, 68, 69, 70]], "type": "Polygon", "properties": {"N03_001": "和歌山県", "N03_002": null, "N03_003": "日高郡", "N03_004": "日高町", "N03_007": "30382", "N03_EN": "HIDAKA GUN HIDAKA CHO"}}, {"arcs": [[-44, 71, 72, 73]], "type": "Polygon", "properties": {"N03_001": "和歌山県", "N03_002": null, "N03_003": "西牟婁郡", "N03_004": "すさみ町", "N03_007": "30406", "N03_EN": "NISHIMURO GUN SUSAMI CHO"}}, {"arcs": [[-6, 74, 75, -32, -29, 76, -12, -8, -7]], "type": "Polygon", "properties": {"N03_001": "和歌山県", "N03_002": null, "N03_003": null, "N03_004": "紀の川市", "N03_007": "30208", "N03_EN": "KINOKAWA SHI"}}, {"arcs": [[-13, -77, -28, -14]], "type": "Polygon",