{"type": "Topology", "transform": {"scale": [0.0005259715925207424, 0.00043289358342934705], "translate": [122.94015612240719, 24.045871946033515]}, "arcs": [[[30427, 27279], [-63, -5], [-36, -29], [-55, 43]], [[30273, 27288], [-33, 20], [-61, -11]], [[30179, 27297], [-46, 71], [-115, 37]], [[30783, 26857], [-49, 44], [-63, 10], [-94, 61], [-20, 39]], [[30557, 27011], [-1, 1]], [[30556, 27012], [-53, 70]], [[30503, 27082], [-41, 139], [-35, 58]], [[30659, 26481], [38, 6], [53, 61], [-3, 26]], [[30747, 26574], [31, 30], [10, 123], [-31, 90], [26, 40]], [[30375, 26230], [39, 111]], [[30414, 26341], [98, 58], [74, 16], [35, 67], [38, -1]], [[29882, 27328], [7, -5]], [[29889, 27323], [-48, -49], [-11, -112], [-67, -124], [-2, -52], [44, -38]], [[29805, 26948], [-12, -48], [41, -93], [-64, -38], [36, -136], [-1, -62], [64, -74]], [[29869, 26497], [-56, -32], [-35, 6]], [[29778, 26471], [-15, 32]], [[29763, 26503], [-20, 76]], [[29743, 26579], [-58, 151]], [[29685, 26730], [-28, 69]], [[29657, 26799], [-5, 76], [-21, 64], [33, 13], [44, 62], [-44, 47], [11, 93]], [[29675, 27154], [15, 63], [46, 0], [78, 98]], [[29814, 27315], [68, 13]], [[30188, 26534], [72, -63]], [[30260, 26471], [19, -45]], [[30279, 26426], [-38, -33], [-55, 12], [-20, -46]], [[30166, 26359], [5, -40], [46, -23], [-9, -40], [64, -50]], [[30272, 26206], [-77, -37], [-43, 6], [-130, -32]], [[30022, 26143], [-6, 137], [43, 46]], [[30059, 26326], [39, 118], [67, 91]], [[30165, 26535], [23, -1]], [[30260, 26471], [-16, 93], [-71, 12]], [[30173, 26576], [-21, 50]], [[30152, 26626], [73, 26], [49, -22], [65, 18], [81, 53], [32, -82], [91, 23]], [[30543, 26642], [37, -80]], [[30580, 26562], [-108, -91], [-73, -48], [-10, -61]], [[30389, 26362], [-43, -17]], [[30346, 26345], [-67, 81]], [[30179, 27297], [-55, -86], [0, -73], [-83, -10], [2, -58], [-35, -26], [-41, -94], [26, -62], [-15, -52]], [[29978, 26836], [-79, -1], [-94, 113]], [[29889, 27323], [89, 83], [40, -1]], [[30152, 26626], [-11, -5]], [[30141, 26621], [-50, 82]], [[30091, 26703], [119, 55], [39, 46], [-6, 54], [24, 37], [0, 96]], [[30267, 26991], [51, 22], [71, 2], [91, -65]], [[30480, 26950], [54, -97], [48, -38], [-22, -38], [22, -48], [73, -2], [4, -68], [-116, -17]], [[29584, 27082], [36, -5], [-15, -82], [-88, -67], [41, -60]], [[29558, 26868], [-106, -33], [-113, 48], [-66, -26], [-40, 20], [-36, 68]], [[29197, 26945], [42, 1], [90, 126], [64, 18], [51, -11], [42, -74], [98, 77]], [[29558, 26868], [21, -14], [22, -86]], [[29601, 26768], [3, -23]], [[29604, 26745], [-1, -56], [-28, -61]], [[29575, 26628], [-32, -21]], [[29543, 26607], [-25, 33], [-84, 8], [-25, 29], [-114, -9]], [[29295, 26668], [-39, 45], [-32, 78], [-157, 6]], [[29067, 26797], [-19, -4]], [[29048, 26793], [-48, 64], [-24, 90], [93, 97]], [[29069, 27044], [9, -35], [119, -64]], [[29675, 27154], [-66, -5], [-25, -67]], [[29069, 27044], [-60, 66]], [[29009, 27110], [-20, 42], [116, 199], [67, -62], [77, 100], [69, 127]], [[29318, 27516], [19, 32]], [[29337, 27548], [102, -28], [57, -48], [0, -81], [68, -16], [15, 35]], [[29579, 27410], [106, 17], [74, -1], [55, -111]], [[29657, 26799], [-56, -31]], [[29978, 26836], [30, -55], [83, -78]], [[30141, 26621], [-272, -124]], [[30747, 26574], [-167, -12]], [[30480, 26950], [38, 10], [38, 52]], [[30273, 27288], [-5, -98], [15, -77], [-97, -15], [21, -49], [46, -33]], [[30253, 27016], [14, -25]], [[29743, 26579], [-89, 7], [10, 52], [-89, -10]], [[29604, 26745], [18, -31], [63, 16]], [[29763, 26503], [-112, 0], [-59, -21], [-51, -58], [-58, 34]], [[29483, 26458], [31, 17], [2, 68], [27, 64]], [[29295, 26668], [-45, -67], [58, -30], [-3, -62], [31, -77], [27, -23]], [[29363, 26409], [-8, -68], [80, -75], [-9, -43], [-45, -21], [0, -54], [-42, -38], [-40, 23], [-28, -74]], [[29271, 26059], [-75, -23], [-21, -29], [-52, 28], [-13, 109], [-36, 18], [49, 84], [3, 54], [-29, 53], [26, 51], [3, 178], [-29, 24], [-30, 147], [0, 44]], [[29778, 26471], [-38, -71], [-1, -66]], [[29739, 26334], [-95, -84], [-7, -70]], [[29637, 26180], [-88, -79], [-13, -83], [-49, 17], [-85, -37], [-61, -2]], [[29341, 25996], [-70, 63]], [[29363, 26409], [60, 44], [60, 5]], [[29637, 26180], [13, -112], [-44, -39], [18, -70], [-14, -49], [34, -90], [-18, -56]], [[29626, 25764], [-59, -71], [-58, 26], [-57, 2], [-62, 46]], [[29390, 25767], [-23, 106], [-37, 56], [11, 67]], [[30414, 26341], [-25, 21]], [[30165, 26535], [8, 41]], [[30346, 26345], [-70, -32], [-58, 9], [-52, 37]], [[30375, 26230], [-82, -44], [-21, 20]], [[30022, 26143], [-2, 0]], [[30020, 26143], [-94, -12], [-17, 81], [-62, 12]], [[29847, 26224], [49, 52], [-19, 67], [35, 80], [83, 26], [13, -73], [51, -50]], [[29847, 26224], [-56, -11], [-22, 89], [-30, 32]], [[30253, 27016], [45, 48], [84, 18], [121, 0]]], "objects": {"pref_19": {"type": "GeometryCollection", "geometries": [{"arcs": [[11, 12, 13, 14, 15, 16, 17, 18, 19, 20, 21]], "type": "Polygon", "properties": {"N03_001": "山梨県", "N03_002": null, "N03_003": null, "N03_004": "甲府市", "N03_007": "19201", "N03_EN": "KOFU SHI"}}, {"arcs": [[22, 23, 24, 25, 26, 27, 28, 29]], "type": "Polygon", "properties": {"N03_001": "山梨県", "N03_002": null, "N03_003": null, "N03_004": "富士吉田市", "N03_007": "19202", "N03_EN": "FUJIYOSHIDA SHI"}}, {"arcs": [[-24, 30, 31, 32, 33, 34, 35, 36]], "type": "Polygon", "properties": {"N03_001": "山梨県", "N03_002": null, "N03_003": null, "N03_004": "都留市", "N03_007": "19204", "N03_EN": "TSURU SHI"}}, {"arcs": [[-3, 37, 38, -13, 39]], "type": "Polygon", "properties": {"N03_001": "山梨県", "N03_002": null, "N03_003": null, "N03_004": "山梨市", "N03_007": "19205", "N03_EN": "YAMANASHI SHI"}}, {"arcs": [[-33, 40, 41, 42, 43, 44]], "type": "Polygon", "properties": {"N03_001": "山梨県", "N03_002": null, "N03_003": null, "N03_004": "大月市", "N03_007": "19206", "N03_EN": "OTSUKI SHI"}}, {"arcs": [[45, 46, 47]], "type": "Polygon", "properties": {"N03_001": "山梨県", "N03_002": null, "N03_003": null, "N03_004": "韮崎市", "N03_007": "19207", "N03_EN": "NIRASAKI SHI"}}, {"arcs": [[-47, 48, 49, 50, 51, 52, 53, 54, 55, 56]], "type": "Polygon", "properties": {"N03_001": "山梨県", "N03_002": null, "N03_003": null, "N03_004": "南アルプス市", "N03_007": "19208", "N03_EN": "MINAMIARUPUSU SHI"}}, {"arcs": [[-21, 57, -48, -57, 58, 59, 60, 61, 62]], "type": "Polygon", "properties": {"N03_001": "山梨県", "N03_002": null, "N03_003": null, "N03_004": "北杜市", "N03_007": "19209", "N03_EN": "HOKUTO SHI"}}, {"arcs": [[-20, 63, -49, -46, -58]], "type": "Polygon", "properties": {"N03_001": "山梨県", "N03_002": null, "N03_003": null, "N03_004": "甲斐市", "N03_007": "19210", "N03_EN": "KAI SHI"}}, {"arcs": [[-14, -39, 64, -42, 65]], "type": "Polygon", "properties": {"N03_001": "山梨県", "N03_002": null, "N03_003": null, "N03_004": "笛吹市", "N03_007": "19211", "N03_EN": "FUEFUKI SHI"}}, {"arcs": [[-4, -9, 66, -34, -45, 67, -5]], "type": "Polygon", "properties": {"N03_001": "山梨県", "N03_002": null, "N03_003": null, "N03_004": "上野原市", "N03_007": "19212", "N03_EN": "UENOHARA SHI"}}, {"arcs": [[-2, 68, 69, -43, -65, -38]], "type": "Polygon", "properties": {"N03_001": "山梨県", "N03_002": null, "N03_003": null, "N03_004": "甲州市", "N03_007": "19213", "N03_EN": "KOSHU SHI"}}, {"arcs": [[-18, 70, -51, 71]], "type": "Polygon", "properties": {"N03_001": "山梨県", "N03_002": null, "N03_003": null, "N03_004": "中央市", "N03_007": "19214", "N03_EN": "CHUO SHI"}}, {"arcs": [[-17, 72, 73, -52, -71]], "type": "Polygon", "properties": {"N03_001": "山梨県", "N03_002": null, "N03_003": "西八代郡", "N03_004": "市川三郷町", "N03_007": "19346", "N03_EN": "NISHIYATSUSHIRO GUN ICHIKAWAMISATO"}}, {"arcs": [[-54, 74, 75, 76]], "type": "Polygon", "properties": {"N03_001": "山梨県", "N03_002": null, "N03_003": "南巨摩郡", "N03_004": "早川町", "N03_007": "19364", "N03_EN": "MINAMIKOMA GUN HAYAKAWA CHO"}}, {"arcs": [[-16, 77, 78, 79, 80, -76, 81, -73]], "type": "Polygon", "properties": {"N03_001": "山梨県", "N03_002": null, "N03_003": "南巨摩郡", "N03_004": "身延町", "N03_007": "19365", "N03_EN": "MINAMIKOMA GUN MINOBU CHO"}}, {"arcs": [[-80, 82, 83, 84]],