{"type": "Topology", "transform": {"scale": [0.0005259715925207424, 0.00043289358342934705], "translate": [122.94015612240719, 24.045871946033515]}, "arcs": [[[21639, 24662], [-10, 51], [25, 70], [-25, 65], [-40, 36]], [[21804, 25646], [5, 90], [-53, 18]], [[21756, 25754], [-1, 63], [38, 44]], [[21589, 24884], [-55, 18], [-24, 72], [29, 74], [49, 43]], [[21588, 25091], [-77, 89]], [[21511, 25180], [43, 40], [10, 77], [-34, 46], [64, 61], [35, 0], [5, 93], [58, 16], [34, 131], [78, 2]], [[21292, 25949], [-32, 5], [-68, 60], [-61, -21], [-46, 17]], [[21085, 26010], [-59, 21], [30, 83]], [[20576, 26023], [-102, 32], [-60, -13], [-54, 39], [-100, 20]], [[21793, 25861], [-40, 18]], [[21753, 25879], [-13, -27], [-73, -41], [-26, -38], [-79, -14]], [[21562, 25759], [-39, 32], [-84, -49]], [[21439, 25742], [-93, -41]], [[21346, 25701], [-26, 53], [20, 77], [-51, 26], [25, 43], [-22, 49]], [[21056, 26114], [-86, -6], [-73, -34], [-12, -61], [-120, -33], [8, -47], [-43, -43], [-48, -2]], [[20682, 25888], [-17, 56], [-89, 79]], [[19877, 25714], [32, -130], [-63, -15], [-45, -32], [-127, -11], [5, -58], [-41, -30]], [[20092, 25843], [34, -116]], [[20126, 25727], [-34, 23], [-115, -50], [-76, 34], [-24, -20]], [[20260, 26101], [-37, -70], [-19, -136]], [[20204, 25895], [-23, -32], [-89, -20]], [[20911, 24463], [-9, 106], [46, 73], [53, 0]], [[21001, 24642], [13, -114], [-14, -87], [19, -29]], [[21019, 24412], [-47, -27]], [[20972, 24385], [-61, 78]], [[20911, 24463], [-55, 12], [-50, -26], [-45, 16], [-45, -39]], [[20716, 24426], [-11, 19]], [[20705, 24445], [-10, 96], [-45, -16]], [[20650, 24525], [5, 51], [-25, 108], [-66, 42], [-31, 43]], [[20533, 24769], [63, 42], [15, 52], [119, 83], [9, 90], [36, 50], [-32, 67]], [[20743, 25153], [114, 22]], [[20857, 25175], [-8, -59], [31, -41], [10, -60], [53, -5]], [[20943, 25010], [24, -45], [49, -7], [-16, -99], [-45, -49], [46, -57], [-28, -27], [42, -69]], [[21015, 24657], [-14, -15]], [[21015, 24657], [99, 68], [36, 71], [49, -40], [61, -22]], [[21260, 24734], [-38, -61]], [[21222, 24673], [-36, -47], [-11, -56], [-49, -53], [40, -49], [54, 4], [29, -28], [-8, -90]], [[21241, 24354], [-53, -17], [-57, 12], [-23, 51], [-89, 12]], [[20972, 24385], [105, -7], [15, -58]], [[21092, 24320], [-89, 9], [-19, -41], [-73, 38], [-36, -73], [-101, -61]], [[20774, 24192], [-24, 3], [-40, 81], [10, 103]], [[20720, 24379], [-4, 47]], [[20705, 24445], [-47, -63], [62, -3]], [[20774, 24192], [26, -142]], [[20800, 24050], [-25, 24], [-71, 12], [-40, -26], [11, -54], [-65, 17], [-40, 58], [-105, 17], [2, 105], [-67, -37], [-126, -28]], [[20274, 24138], [37, 41], [47, 103], [-47, 53]], [[20311, 24335], [30, 59], [-13, 83]], [[20328, 24477], [89, 43], [72, -9], [27, -79], [60, 49], [69, -7], [5, 51]], [[21346, 25701], [-33, -10], [-36, -148]], [[21277, 25543], [-42, -45], [-13, -77], [-37, 1], [3, -73]], [[21188, 25349], [-73, 16], [-55, -46], [-55, 47], [-33, -35], [-77, 7], [-66, -71], [-34, 19], [-6, 116], [-92, 5]], [[20697, 25407], [-7, 51], [44, 81]], [[20734, 25539], [144, -89], [80, 101], [21, 102], [41, 63], [2, 92], [29, 30], [-23, 57], [41, 42], [16, 73]], [[21069, 24161], [-27, -16], [28, 19], [-1, -3]], [[21092, 24320], [-10, -44], [-63, -49], [-69, -25], [-47, -114], [0, -52], [-103, 14]], [[20210, 24346], [-39, -132]], [[20171, 24214], [-38, -72], [59, -8]], [[20192, 24134], [24, -63]], [[20216, 24071], [-24, 5], [-136, -63], [-62, 31], [-18, 60]], [[19976, 24104], [16, 34], [-11, 110]], [[19981, 24248], [53, 10], [52, 38], [14, 64], [33, 20]], [[20133, 24380], [29, 8], [48, -42]], [[19981, 24248], [-50, 99], [-50, 22], [-23, 50], [34, 116], [-33, 25], [-28, 79]], [[19831, 24639], [-2, 75]], [[19829, 24714], [77, -43], [32, -68], [67, -29], [129, 78], [12, 58], [43, -10], [43, -44]], [[20232, 24656], [51, -30]], [[20283, 24626], [-27, -45], [-45, -17], [-18, -76], [-33, 5], [-31, -62], [4, -51]], [[20328, 24477], [-18, 17], [-27, 132]], [[20232, 24656], [123, 108], [29, 36]], [[20384, 24800], [35, -70], [74, 42], [40, -3]], [[19829, 24714], [-9, 52], [25, 96], [-94, 103]], [[19751, 24965], [4, 7]], [[19755, 24972], [34, 44], [84, -12], [66, 31], [45, -21], [47, 9], [73, -28], [90, 48], [0, 62], [43, 77], [32, 14]], [[20269, 25196], [38, -86], [54, -2], [16, 54], [112, 39]], [[20489, 25201], [1, -107], [-24, -37], [-79, -43], [-43, -88], [40, -126]], [[20126, 25727], [80, -78]], [[20206, 25649], [44, -29], [-29, -57], [26, -75], [-11, -92], [32, -44], [-11, -48], [46, -63], [-34, -45]], [[19755, 24972], [-62, 77], [-2, 154], [47, 74], [-1, 36], [-99, 125]], [[21639, 24662], [-81, 28], [-20, -34], [-74, -10]], [[21464, 24646], [-105, -69], [-58, 94], [-48, -47], [-31, 49]], [[21260, 24734], [46, 32]], [[21306, 24766], [16, -17], [89, 18], [-21, 76], [40, 85], [-10, 44], [-50, 8], [32, 73]], [[21402, 25053], [51, 37], [22, 70], [36, 20]], [[21464, 24646], [30, -32], [-108, -116], [-31, -3], [2, -75], [-37, -4], [-79, -62]], [[20943, 25010], [83, 42], [32, 110]], [[21058, 25162], [133, 10], [24, -45]], [[21215, 25127], [-4, -110], [-98, -61], [19, -38], [62, -28], [59, -62], [59, -23], [-6, -39]], [[20682, 25888], [-19, -76], [-51, -16], [-22, -132], [62, -56], [59, -12], [23, -57]], [[20697, 25407], [-70, -80], [-4, -48], [23, -69], [-71, -15]], [[20575, 25195], [-86, 6]], [[20206, 25649], [35, 20], [5, 61], [33, 50], [-25, 89], [-50, 26]], [[21402, 25053], [-48, 17], [-34, -25], [-56, 7], [6, 53], [-48, 21]], [[21222, 25126], [-2, 72], [-25, 133]], [[21195, 25331], [99, 24], [-6, 61], [67, -10], [20, 56], [-12, 56]], [[21363, 25518], [103, 41], [-4, 105], [-23, 78]], [[21562, 25759], [24, -89], [77, -30], [93, 114]], [[20274, 24138], [-58, -67]], [[20192, 24134], [32, 55], [-53, 25]], [[20210, 24346], [76, -27], [25, 16]], [[21215, 25127], [7, -1]], [[21277, 25543], [86, -25]], [[21195, 25331], [-7, 18]], [[20857, 25175], [47, 69], [54, -32], [77, 10], [23, -60]], [[20743, 25153], [-53, 43], [-57, -56], [-50, 19], [-8, 36]]], "objects": {"pref_33": {"type": "GeometryCollection", "geometries": [{"arcs": [[21, 22, 23, 24]], "type": "Polygon", "properties": {"N03_001": "岡山県", "N03_002": null, "N03_003": "岡山市", "N03_004": "中区", "N03_007": "33102", "N03_EN": "OKAYAMA SHI NAKA KU"}}, {"arcs": [[-22, 25, 26, 27, 28, 29, 30, 31, 32, 33]], "type": "Polygon", "properties": {"N03_001": "岡山県", "N03_002": null, "N03_003": "岡山市", "N03_004": "北区", "N03_007": "33101", "N03_EN": "OKAYAMA SHI KITA KU"}}, {"arcs": [[-23, -34, 34, 35, 36, 37]], "type": "Polygon", "properties": {"N03_001": "岡山県", "N03_002": null, "N03_003": "岡山市", "N03_004": "東区", "N03_007": "33103", "N03_EN": "OKAYAMA SHI HIGASHI KU"}}, {"arcs": [[-25, 38, 39, 40, 41, -26]], "type": "Polygon", "properties": {"N03_001": "岡山県", "N03_002": null, "N03_003": "岡山市", "N03_004": "南区", "N03_007": "33104", "N03_EN": "OKAYAMA SHI MINAMI KU"}}, {"arcs": [[-28, 42, -41, 43, 44, 45, 46, 47]], "type": "Polygon", "properties": {"N03_001": "岡山県", "N03_002": null, "N03_003": null, "N03_004": "倉敷市", "N03_007": "33202", "N03_EN": "KURASHIKI SHI"}}, {"arcs": [[-7, -14, 48, 49, 50, 51, 52]], "type": "Polygon", "properties": {"N03_001": "岡山県", "N03_002": null, "N03_003": null, "N03_004": "津山市", "N03_007": "33203", "N03_EN": "TSUYAMA SHI"}}, {"arcs": [[[53]], [[-40, 54, -44]]], "type": "MultiPolygon", "properties": {"N03_001": "岡山県", "N03_002": null, "N03_003": null, "N03_004": "玉野市", "N03_007": "33204", "N03_EN": "TAMANO SHI"}}, {"arcs": [[55, 56, 57, 58, 59, 60, 61]], "type": "Polygon", "properties": {"N03_001": "岡山県", "N03_002": null, "N03_003": null, "N03_004": "笠岡市", "N03_007": "33205", "N03_EN": "KASAOKA SHI"}}, {"arcs": [[-61, 62, 63, 64, 65, 66]], "type": "Polygon", "properties": {"N03_001": "岡山県", "N03_002": null, "N03_003": null, "N03_004": "井原市", "N03_007": "33207", "N03_EN": "IBARA SHI"}}, {"arcs": [[-29, -48, 67, -66, 68, 69]], "type": "Polygon", "properties": {"N03_001": "岡山県", "N03_002": null, "N03_003": null, "N03_004": "総社市", "N03_007": "33208",