{"type": "Topology", "transform": {"scale": [0.0005259715925207424, 0.00043289358342934705], "translate": [122.94015612240719, 24.045871946033515]}, "arcs": [[[14176, 21672], [-34, -6]], [[14142, 21666], [-74, 45]], [[14068, 21711], [-128, 81]], [[14155, 21240], [56, 28], [5, 36]], [[14216, 21304], [48, -10], [80, 98], [-9, 57]], [[14335, 21449], [107, 28]], [[14099, 21009], [-7, 70]], [[14092, 21079], [-24, 79], [70, 34], [-5, 57]], [[14133, 21249], [22, -9]], [[14442, 21477], [11, 118]], [[14453, 21595], [-11, 103]], [[14442, 21698], [-48, 24], [-92, -49]], [[14302, 21673], [-2, 1]], [[13940, 21792], [-38, -20], [-89, 24], [-70, -31]], [[13743, 21765], [-22, 21], [-223, -17]], [[14300, 21674], [-44, -64]], [[14256, 21610], [-30, -5]], [[14226, 21605], [-22, -8]], [[14204, 21597], [-28, 75]], [[14068, 21711], [-23, -51], [-102, -82], [59, -81], [50, 11], [22, -115], [-13, -21], [15, -87], [57, -36]], [[14099, 21009], [-128, 14], [-5, 35], [-66, 66], [-38, 4]], [[13862, 21128], [-3, 2]], [[13859, 21130], [-19, 136], [47, 3], [1, 45], [-44, 144], [-51, 16], [-99, -7]], [[13694, 21467], [-3, 98], [25, 26], [26, 90], [1, 84]], [[13694, 21467], [-29, 2], [-57, -58], [-120, -85], [-13, 7]], [[13475, 21333], [-4, 5]], [[13471, 21338], [-31, 75], [-124, 68], [-55, 77], [10, 34], [-31, 44], [-74, -43]], [[13166, 21593], [-156, 132], [44, 81], [39, -14], [47, -74]], [[13140, 21718], [53, -34], [32, 80], [1, 52], [-76, 50]], [[13150, 21866], [0, 50], [78, 37], [92, -48], [23, -52], [-27, -30], [7, -47], [44, -41], [53, -19], [75, 15], [3, 38]], [[14335, 21449], [-79, 161]], [[14302, 21673], [75, -52], [34, 14], [42, -40]], [[13694, 21467], [-10, -63], [39, -22], [47, -119], [-32, -16]], [[13738, 21247], [-51, 7], [-26, -28]], [[13661, 21226], [-42, 1]], [[13619, 21227], [-91, 9], [-62, 45], [9, 52]], [[13471, 21338], [-84, -19], [-54, -41], [-41, -63], [-65, -14]], [[13227, 21201], [-68, 41], [-90, -12]], [[13069, 21230], [-69, 78]], [[13000, 21308], [-36, 48], [34, 97], [27, 18]], [[13025, 21471], [76, -84], [-1, 73], [66, 133]], [[13619, 21227], [-10, -69]], [[13609, 21158], [-41, -76]], [[13568, 21082], [-138, -63], [-53, -80], [-47, -1]], [[13330, 20938], [-24, 128]], [[13306, 21066], [-51, 49], [-28, 86]], [[13669, 20957], [38, -117], [38, -38]], [[13745, 20802], [-138, -84], [-40, -62]], [[13567, 20656], [-60, 38]], [[13507, 20694], [-13, 59], [20, 77], [-17, 37], [69, 44], [13, 75]], [[13579, 20986], [55, 1], [35, -30]], [[13859, 21130], [-74, 30]], [[13785, 21160], [17, 19], [-64, 68]], [[13568, 21082], [11, -96]], [[13507, 20694], [-3, -1]], [[13504, 20693], [-79, 51], [-34, 72], [-85, 40], [-31, 37]], [[13275, 20893], [5, 36]], [[13280, 20929], [50, 9]], [[14142, 21666], [10, -47], [-35, -35], [33, -93], [9, -73], [27, -73]], [[14186, 21345], [30, -41]], [[14204, 21597], [15, -137], [-24, -90]], [[14195, 21370], [-9, -25]], [[14226, 21605], [18, -138], [1, -91], [-50, -6]], [[13140, 21718], [11, 40], [-52, 93], [51, 15]], [[13306, 21066], [-62, -16], [-64, 16]], [[13180, 21066], [-105, 45], [-20, 61], [14, 58]], [[13661, 21226], [18, -60]], [[13679, 21166], [-70, -8]], [[13785, 21160], [-44, -32], [-62, 38]], [[13862, 21128], [-17, -62], [-61, -44], [-77, -78], [-38, 13]], [[13745, 20802], [4, -36], [45, -108], [16, -73]], [[13810, 20585], [-103, 13], [-119, 28]], [[13588, 20626], [-21, 30]]], "objects": {"pref_41": {"type": "GeometryCollection", "geometries": [{"arcs": [[-3, 19, -8, -7, 20, 21, 22, 23, -14]], "type": "Polygon", "properties": {"N03_001": "佐賀県", "N03_002": null, "N03_003": null, "N03_004": "佐賀市", "N03_007": "41201", "N03_EN": "SAGA SHI"}}, {"arcs": [[-15, -24, 24, 25, 26, 27, 28, 29]], "type": "Polygon", "properties": {"N03_001": "佐賀県", "N03_002": null, "N03_003": null, "N03_004": "唐津市", "N03_007": "41202", "N03_EN": "KARATSU SHI"}}, {"arcs": [[-6, 30, -16, -13, 31, -10]], "type": "Polygon", "properties": {"N03_001": "佐賀県", "N03_002": null, "N03_003": null, "N03_004": "鳥栖市", "N03_007": "41203", "N03_EN": "TOSU SHI"}}, {"arcs": [[-25, 32, 33, 34, 35]], "type": "Polygon", "properties": {"N03_001": "佐賀県", "N03_002": null, "N03_003": null, "N03_004": "多久市", "N03_007": "41204", "N03_EN": "TAKU SHI"}}, {"arcs": [[-27, 36, 37, 38, 39, 40]], "type": "Polygon", "properties": {"N03_001": "佐賀県", "N03_002": null, "N03_003": null, "N03_004": "伊万里市", "N03_007": "41205", "N03_EN": "IMARI SHI"}}, {"arcs": [[-26, -36, 41, 42, 43, 44, 45, -37]], "type": "Polygon", "properties": {"N03_001": "佐賀県", "N03_002": null, "N03_003": null, "N03_004": "武雄市", "N03_007": "41206", "N03_EN": "TAKEO SHI"}}, {"arcs": [[46, 47, 48, 49, 50]], "type": "Polygon", "properties": {"N03_001": "佐賀県", "N03_002": null, "N03_003": null, "N03_004": "鹿島市", "N03_007": "41207", "N03_EN": "KASHIMA SHI"}}, {"arcs": [[-23, 51, 52, -33]], "type": "Polygon", "properties": {"N03_001": "佐賀県", "N03_002": null, "N03_003": null, "N03_004": "小城市", "N03_007": "41208", "N03_EN": "OGI SHI"}}, {"arcs": [[-44, 53, -50, 54, 55, 56, 57]], "type": "Polygon", "properties": {"N03_001": "佐賀県", "N03_002": null, "N03_003": null, "N03_004": "嬉野市", "N03_007": "41209", "N03_EN": "URESHINO SHI"}}, {"arcs": [[-2, 58, 59, -4, -9, -20]], "type": "Polygon", "properties": {"N03_001": "佐賀県", "N03_002": null, "N03_003": null, "N03_004": "神埼市", "N03_007": "41210", "N03_EN": "KANZAKI SHI"}}, {"arcs": [[-1, -19, 60, 61, -59]], "type": "Polygon", "properties": {"N03_001": "佐賀県", "N03_002": null, "N03_003": "神埼郡", "N03_004": "吉野ヶ里町", "N03_007": "41327", "N03_EN": "KANZAKI GUN YOSHINOGARI CHO"}}, {"arcs": [[-11, -32, -12]], "type": "Polygon", "properties": {"N03_001": "佐賀県", "N03_002": null, "N03_003": "三養基郡", "N03_004": "基山町", "N03_007": "41341", "N03_EN": "MIYAKI GUN KIYAMA CHO"}}, {"arcs": [[-18, 62, -61]], "type": "Polygon", "properties": {"N03_001": "佐賀県", "N03_002": null, "N03_003": "三養基郡", "N03_004": "上峰町", "N03_007": "41345", "N03_EN": "MIYAKI GUN KAMIMINE CHO"}}, {"arcs": [[-5, -60, -62, -63, -17, -31]], "type": "Polygon", "properties": {"N03_001": "佐賀県", "N03_002": null, "N03_003": "三養基郡", "N03_004": "みやき町", "N03_007": "41346", "N03_EN": "MIYAKI GUN MIYAKI CHO"}}, {"arcs": [[-29, 63]], "type": "Polygon", "properties": {"N03_001": "佐賀県", "N03_002": null, "N03_003": "東松浦郡", "N03_004": "玄海町", "N03_007": "41387", "N03_EN": "HIGASHIMATSURA GUN GENKAI CHO"}}, {"arcs": [[-38, -46, 64, 65]], "type": "Polygon", "properties": {"N03_001": "佐賀県", "N03_002": null, "N03_003": "西松浦郡", "N03_004": "有田町", "N03_007": "41401", "N03_EN": "NISHIMATSURA GUN ARITA CHO"}}, {"arcs": [[-35, 66, 67, -42]], "type": "Polygon", "properties": {"N03_001": "佐賀県", "N03_002": null, "N03_003": "杵島郡", "N03_004": "大町町", "N03_007": "41423", "N03_EN": "KISHIMA GUN OMACHI CHO"}}, {"arcs": [[-34, -53, 68, -67]], "type": "Polygon", "properties": {"N03_001": "佐賀県", "N03_002": null, "N03_003": "杵島郡", "N03_004": "江北町", "N03_007": "41424", "N03_EN": "KISHIMA GUN KOHOKU MACHI"}}, {"arcs": [[-22, 69, -51, -54, -43, -68, -69, -52]], "type": "Polygon", "properties": {"N03_001": "佐賀県", "N03_002": null, "N03_003": "杵島郡", "N03_004": "白石町", "N03_007": "41425", "N03_EN": "KISHIMA GUN SHIROISHI CHO"}}, {"arcs": [[-48, 70, 71, 72]], "type": "Polygon", "properties": {"N03_001": "佐賀県", "N03_002": null, "N03_003": "藤津郡", "N03_004": "太良町", "N03_007": "41441", "N03_EN": "FUJITSU GUN TARA CHO"}}]}}}