{"type": "Topology", "transform": {"scale": [0.0005259715925207424, 0.00043289358342934705], "translate": [122.94015612240719, 24.045871946033515]}, "arcs": [[[13069, 21230], [-69, 78]], [[13000, 21308], [-36, 48], [34, 97], [27, 18]], [[13330, 20938], [-24, 128]], [[13567, 20656], [-60, 38]], [[13507, 20694], [-3, -1]], [[13504, 20693], [-79, 51], [-34, 72], [-85, 40], [-31, 37]], [[13275, 20893], [5, 36]], [[13280, 20929], [50, 9]], [[13306, 21066], [-62, -16], [-64, 16]], [[13180, 21066], [-105, 45], [-20, 61], [14, 58]], [[13810, 20585], [-103, 13], [-119, 28]], [[13588, 20626], [-21, 30]], [[13131, 20250], [22, -29], [113, 33], [12, 17]], [[13278, 20271], [107, -23], [25, -67], [-11, -53]], [[13399, 20128], [-56, 14], [-3, -55], [-83, -67], [5, -31], [-61, -108], [-92, -47], [5, -25], [-63, -70], [-93, -23], [66, 78], [56, 164], [39, 28], [-32, 111], [-51, 45], [-42, 77], [2, 43], [-57, 11], [-12, -35], [-75, 62], [-43, 77], [-17, 66]], [[12792, 20443], [132, 41], [6, 78], [97, 50], [28, -16]], [[13055, 20596], [22, -33], [-64, -40], [39, -52], [-15, -85]], [[13037, 20386], [-6, -31], [50, -73], [50, -32]], [[11912, 23760], [45, -29], [-12, -53], [110, 46], [95, -41], [0, -51], [-74, -198], [10, -41], [-32, -39], [-2, -57], [-95, -84], [-63, 43], [-48, -4], [-3, 80], [20, 90], [0, 80], [30, 113], [1, 103], [18, 42]], [[12376, 24626], [40, -25], [38, -73], [-22, -107], [-14, -149], [-63, -87], [-131, -147], [17, -89], [29, -48], [-34, -25], [33, -50], [-1, -54], [-68, -83], [-45, 42], [43, 47], [-13, 57], [-95, 15], [-44, -36], [-10, 165], [5, 92], [58, 125], [43, 63], [-75, 50], [36, 46], [26, 134], [74, 5], [39, -15], [76, 105], [58, 42]], [[12860, 22679], [38, -30], [93, -19], [-33, -83], [17, -50], [43, -36], [-2, -58], [-91, -14], [-44, -71], [-73, 49], [-56, 57], [22, 116], [33, 97], [53, 42]], [[11410, 20418], [32, -36], [-8, -81], [-46, -15], [-21, 36], [-55, 30], [98, 66]], [[11263, 20326], [69, -54], [4, -76], [-69, -58], [-60, 76], [5, 78], [51, 34]], [[11508, 20202], [27, -49], [-6, -45], [-59, -16], [38, 110]], [[11158, 20218], [1, -56], [67, -52], [-10, -61], [15, -65], [68, -63], [-24, -60], [-85, -18], [-37, 45], [-69, -24], [-1, -61], [45, -63], [-39, -39], [-38, 12], [-30, 64], [-92, -11], [-111, 6], [-61, 18], [73, 50], [55, 75], [-31, 69], [-7, 64], [20, 127], [79, -30], [18, -65], [111, 51], [83, 87]], [[11502, 20530], [40, -17], [42, -71], [-5, -96], [-85, 30], [8, 154]], [[11736, 21064], [-19, -91], [34, -42], [-7, -50], [-49, -108], [0, -114], [60, -8], [26, 31], [75, 19], [12, -83], [-65, -35], [-12, -41], [-45, 0], [-42, -47], [-7, -67], [15, -67], [-43, 4], [-59, -75], [1, 90], [27, 93], [-39, 53], [-65, 21], [-17, 60], [104, 29], [-18, 27], [-1, 85], [70, 15], [12, 96], [43, 63], [-17, 51], [26, 91]], [[12982, 21016], [49, -14], [-1, -61], [-13, -16], [13, -50], [-95, -21], [7, 120], [40, 42]], [[11766, 21383], [40, -75], [-51, -55], [-54, 13], [-47, 44], [112, 73]], [[13180, 21066], [-42, -50], [-9, -94]], [[13129, 20922], [-13, -56], [-67, -25]], [[13049, 20841], [-30, 81], [16, 19], [3, 47], [-7, 16], [-17, 11], [-60, 4], [-61, -17], [4, 62], [-42, -3], [19, -105], [-95, -12], [51, 56], [-33, 70], [-39, 16], [-2, 78]], [[12756, 21164], [80, 58], [-6, 52], [-54, 47], [-51, -8], [-21, -39], [29, -71]], [[12733, 21203], [4, -45], [-65, -3], [-73, 60], [-18, 41], [49, 99], [48, 57]], [[12678, 21412], [43, 64]], [[12721, 21476], [68, -72], [70, -2], [20, -47], [57, -36], [64, -11]], [[14131, 20078], [-51, -68], [22, -30], [-17, -48], [-91, -53], [-52, 6], [-49, -65], [-56, -47], [-70, -29], [-22, 61], [-76, 50], [-1, 34]], [[13668, 19889], [84, 15], [186, 142], [28, 62]], [[13966, 20108], [136, -9], [29, -21]], [[13131, 20250], [40, 37], [-29, 76]], [[13142, 20363], [72, 24]], [[13214, 20387], [17, -62], [47, -54]], [[13037, 20386], [89, -65], [16, 42]], [[13504, 20693], [-151, -47], [-27, 17]], [[13326, 20663], [-7, 56], [-78, 56], [-53, 58]], [[13188, 20833], [63, 19], [24, 41]], [[13966, 20108], [-24, 37], [50, 119], [2, 51], [36, 62]], [[14030, 20377], [41, -27], [69, -153], [-9, -119]], [[13810, 20585], [-4, -64], [-86, -55], [34, -82]], [[13754, 20384], [-50, -57], [16, -46], [-24, -68]], [[13696, 20213], [-37, -19], [-78, 16], [-113, -84], [-69, 2]], [[13214, 20387], [83, -32], [26, 11], [63, -50], [43, 8]], [[13429, 20324], [33, 225], [39, 34], [44, -7], [43, 50]], [[13429, 20324], [-77, 74], [-17, 67], [-45, 49], [3, 92], [33, 57]], [[12678, 21412], [-63, -14], [-6, 52], [11, 112], [105, -41]], [[12725, 21521], [-4, -45]], [[12576, 21630], [23, -117], [-40, -23], [-27, -89], [-52, -23], [-18, -41], [12, -54], [-128, -158], [-72, -21], [-30, 98], [65, 54], [-9, 67], [71, 47], [-27, 41], [9, 75], [123, 24], [85, 44], [15, 76]], [[12347, 21702], [-11, -72], [16, -30], [-4, -96], [-65, 9], [38, 169], [26, 20]], [[12579, 21864], [-5, -95], [-36, 12], [-13, 57], [54, 26]], [[12725, 21521], [66, 56], [19, -77], [53, -15], [49, 33], [109, 25], [4, -72]], [[12957, 21771], [30, -63], [-49, -82], [-50, 26], [59, 58], [10, 61]], [[12679, 20835], [49, -33], [-53, -63], [-37, 10], [41, 86]], [[12792, 20443], [-31, 82], [-48, 46], [2, 65], [52, 53], [-15, 44], [66, 181], [151, -123], [-40, -43], [107, -42], [49, -64], [-30, -46]], [[13668, 19889], [7, 60], [126, 83], [17, 36], [-55, 142], [-67, 3]], [[13754, 20384], [40, -50], [92, 63], [33, -9], [82, 18], [29, -29]], [[13188, 20833], [-71, -18], [-68, 26]], [[13129, 20922], [151, 7]], [[11629, 21193], [32, -75], [-86, 31], [54, 44]], [[12756, 21164], [-23, 39]]], "objects": {"pref_42": {"type": "GeometryCollection", "geometries": [{"arcs": [[12, 13, 14, 15, 16, 17]], "type": "Polygon", "properties": {"N03_001": "長崎県", "N03_002": null, "N03_003": null, "N03_004": "長崎市", "N03_007": "42201", "N03_EN": "NAGASAKI SHI"}}, {"arcs": [[[18]], [[19]]], "type": "MultiPolygon", "properties": {"N03_001": "長崎県", "N03_002": null, "N03_003": null, "N03_004": "対馬市", "N03_007": "42209", "N03_EN": "TSUSHIMA SHI"}}, {"arcs": [[20]], "type": "Polygon", "properties": {"N03_001": "長崎県", "N03_002": null, "N03_003": null, "N03_004": "壱岐市", "N03_007": "42210", "N03_EN": "IKI SHI"}}, {"arcs": [[[21]], [[22]], [[23]], [[24]]], "type": "MultiPolygon", "properties": {"N03_001": "長崎県", "N03_002": null, "N03_003": null, "N03_004": "五島市", "N03_007": "42211", "N03_EN": "GOTO SHI"}}, {"arcs": [[[25]], [[26]]], "type": "MultiPolygon", "properties": {"N03_001": "長崎県", "N03_002": null, "N03_003": "南松浦郡", "N03_004": "新上五島町", "N03_007": "42411", "N03_EN": "MINAMIMATSURA GUN SHINKAMIGOTO CHO"}}, {"arcs": [[[27]], [[28]], [[-1, -10, 29, 30, 31, 32, 33, 34, 35]]], "type": "MultiPolygon", "properties": {"N03_001": "長崎県", "N03_002": null, "N03_003": null, "N03_004": "佐世保市", "N03_007": "42202", "N03_EN": "SASEBO SHI"}}, {"arcs": [[36, 37, 38]], "type": "Polygon", "properties": {"N03_001": "長崎県", "N03_002": null, "N03_003": null, "N03_004": "南島原市", "N03_007": "42214", "N03_EN": "MINAMISHIMABARA SHI"}}, {"arcs": [[-13, 39, 40, 41]], "type": "Polygon", "properties": {"N03_001": "長崎県", "N03_002": null, "N03_003": "西彼杵郡", "N03_004": "長与町", "N03_007": "42307", "N03_EN": "NISHISONOGI GUN NAGAYO CHO"}}, {"arcs": [[-18, 42, -40]], "type": "Polygon", "properties": {"N03_001": "長崎県", "N03_002": null, "N03_003": "西彼杵郡", "N03_004": "時津町", "N03_007": "42308", "N03_EN": "NISHISONOGI GUN TOGITSU CHO"}}, {"arcs": [[-6, 43, 44, 45]], "type": "Polygon", "properties": {"N03_001": "長崎県", "N03_002": null, "N03_003": "東彼杵郡", "N03_004": "東彼杵町", "N03_007": "42321", "N03_EN": "HIGASHISONOGI GUN HIGASHISONOGI CHO"}}, {"arcs": [[-39, 46, 47]], "type": "Polygon", "properties": {"N03_001": "長崎県", "N03_002": null, "N03_003": null, "N03_004": "島原市", "N03_007": "42203", "N03_EN": "SHIMABARA SHI"}}, {"arcs": [[-11, 48, 49, 50, -14, -42, 51, 52]], "type": "Polygon", "properties": {"N03_001": "長崎県", "N03_002": null, "N03_003": null, "N03_004": "諫早市", "N03_007": "42204", "N03_EN": "ISAHAYA SHI"}}, {"arcs": [[-4, -12, -53, 53, -44, -5]], "type": "Polygon",