{"type": "Topology", "transform": {"scale": [0.0005259715925207424, 0.00043289358342934705], "translate": [122.94015612240719, 24.045871946033515]}, "arcs": [[[19743, 26169], [-7, 83], [-23, 48], [-70, 35], [-85, 72]], [[19558, 26407], [-10, 9]], [[19548, 26416], [-44, 104], [38, 46], [49, 7]], [[19716, 25924], [-33, 121], [6, 66], [54, 58]], [[19386, 25476], [7, 99], [33, 73], [71, 49], [-27, 76], [-55, 31]], [[19415, 25804], [57, 42], [244, 78]], [[19548, 26416], [-70, -47], [12, -65], [-25, -78], [-133, -91], [-82, -69]], [[19250, 26066], [-38, 54], [6, 50], [-70, 8], [-10, -26], [-186, 23], [-47, -5]], [[18905, 26170], [-13, 58], [102, 80], [-34, 71], [-18, 108]], [[18942, 26487], [117, 6], [13, 69], [108, -10], [62, 63], [60, 26], [8, 47], [85, -88], [160, 34], [129, 3], [49, -33], [-142, -31]], [[17024, 24756], [66, -32], [36, -57], [116, -24], [22, -30], [48, 39], [72, -29], [44, 32], [46, -25]], [[17474, 24630], [57, -46], [-39, -78]], [[17492, 24506], [-44, -99], [16, -65]], [[17464, 24342], [-23, -48], [-56, -58], [-60, -17], [-10, -41], [40, -103]], [[17355, 24075], [-25, 0]], [[17330, 24075], [-74, -1], [-93, 24]], [[17163, 24098], [-2, 64], [-86, 16], [-31, 67], [40, 51], [-43, 48], [-62, 22], [-14, -50], [-71, 26], [-71, 6], [-97, -57], [-25, 25]], [[16701, 24316], [-14, 78], [-42, 34], [7, 65], [-15, 75]], [[16637, 24568], [93, -15], [135, 40], [73, 44], [42, 53], [-12, 49], [56, 17]], [[17024, 24756], [100, 71], [20, 55], [62, 27], [87, 123], [143, 158], [63, 31]], [[17499, 25221], [9, -39], [86, 2], [-7, -43], [47, -25], [50, 42], [62, -84], [65, -10]], [[17811, 25064], [59, -80], [79, -9], [24, -50], [-20, -95]], [[17953, 24830], [-19, 15], [-74, -26], [-35, 27], [-32, -57], [-38, 48], [-68, 21], [0, -53], [-39, -79], [-97, -46], [-77, -50]], [[18905, 26170], [-35, -47], [-4, -75], [-39, -54], [-57, -2], [-49, -81], [13, -20], [-84, -164], [-29, -33], [-64, -16]], [[18557, 25678], [-65, 20]], [[18492, 25698], [-13, 67], [-55, 7], [-97, 74], [-8, 87]], [[18319, 25933], [76, 21], [53, 48], [37, 67], [23, 95], [-6, 66], [-84, 75], [109, 43], [40, -22], [90, 12], [-41, 51], [131, 32], [11, 22], [120, 42], [64, 2]], [[18492, 25698], [-63, -82], [43, -40], [5, -63]], [[18477, 25513], [-101, 59], [-110, 16], [-139, -111], [18, -38]], [[18145, 25439], [-21, -53], [-69, -40], [-52, 1], [-49, -46]], [[17954, 25301], [-29, 20], [-22, 85], [-81, 47]], [[17822, 25453], [22, 59], [121, 97], [26, 87], [35, 45], [56, 23], [32, 43], [114, 57], [5, 25], [86, 44], [0, 0]], [[19415, 25804], [-85, -4], [3, 50], [-67, 32]], [[19266, 25882], [-20, 98], [4, 86]], [[17499, 25221], [86, 70], [89, 93], [63, 11], [85, 58]], [[17954, 25301], [19, -46], [61, -5], [75, -64]], [[18109, 25186], [-46, -8], [-23, -41], [-58, 22], [-63, -9], [-79, -38], [-29, -48]], [[19266, 25882], [-51, -13], [-120, 12], [-47, -8], [6, -48], [-36, -56], [5, -103], [-92, -77], [-9, -42]], [[18922, 25547], [-62, -29]], [[18860, 25518], [-35, 41], [-53, -12], [-7, 59], [-38, 0], [-39, -42], [-105, 28], [-26, 86]], [[19386, 25476], [-28, 22], [-118, -6], [-51, -30], [-63, 67], [-99, -50], [-73, 25], [-32, 43]], [[18860, 25518], [-61, -72], [-36, -76], [-80, -86]], [[18683, 25284], [-33, -71], [-123, -23]], [[18527, 25190], [-53, 42], [14, 92], [59, 48], [35, -16], [7, 80], [-112, 77]], [[18145, 25439], [19, -56], [69, -106], [65, 13], [14, -60]], [[18312, 25230], [-20, -16], [-183, -28]], [[18527, 25190], [-17, -41], [-80, -64]], [[18430, 25085], [-34, 59], [-62, 26], [-22, 60]], [[18430, 25085], [130, -58], [16, -69]], [[18576, 24958], [-67, -6], [-15, -35], [-91, 26], [-75, -64], [-80, -48]], [[18248, 24831], [-137, 15], [-56, 45], [-72, -87], [-30, 26]], [[17163, 24098], [-52, -35], [-172, 49], [-37, -64], [-69, -46]], [[16833, 24002], [-154, -18], [-85, 175]], [[16594, 24159], [73, 67], [-1, 70], [35, 20]], [[17330, 24075], [-76, -36], [2, -34], [-50, -54], [45, -74], [-57, -72], [-48, -103], [-59, 65], [-88, -60]], [[16999, 23707], [-95, -14], [-66, 38], [-42, 43], [-7, 43]], [[16789, 23817], [-14, 57], [41, 44], [17, 84]], [[19340, 27892], [45, -42], [-74, -122], [-62, 113], [91, 51]], [[19258, 27944], [22, -50], [-73, -23], [27, -64], [-11, -40], [-55, -5], [-31, 61], [-55, -16], [32, -61], [-90, 18], [2, 35], [74, 84], [51, -2], [-1, 47], [81, -14], [27, 30]], [[19133, 27691], [60, -10], [13, -47], [-62, -15], [-11, 72]], [[19657, 28420], [34, -47], [156, -120], [-3, -106], [-14, -55], [-67, -9], [8, -77], [-73, 17], [-125, -18], [7, 33], [-101, 72], [13, 71], [-28, 10], [35, 111], [71, 72], [57, -2], [30, 48]]], "objects": {"pref_32": {"type": "GeometryCollection", "geometries": [{"arcs": [[-3, 6, 7, 8, 9]], "type": "Polygon", "properties": {"N03_001": "島根県", "N03_002": null, "N03_003": null, "N03_004": "松江市", "N03_007": "32201", "N03_EN": "MATSUE SHI"}}, {"arcs": [[10, 11, 12, 13, 14, 15, 16, 17, 18]], "type": "Polygon", "properties": {"N03_001": "島根県", "N03_002": null, "N03_003": null, "N03_004": "益田市", "N03_007": "32204", "N03_EN": "MASUDA SHI"}}, {"arcs": [[-11, 19, 20, 21, 22]], "type": "Polygon", "properties": {"N03_001": "島根県", "N03_002": null, "N03_003": null, "N03_004": "浜田市", "N03_007": "32202", "N03_EN": "HAMADA SHI"}}, {"arcs": [[-9, 23, 24, 25, 26]], "type": "Polygon", "properties": {"N03_001": "島根県", "N03_002": null, "N03_003": null, "N03_004": "出雲市", "N03_007": "32203", "N03_EN": "IZUMO SHI"}}, {"arcs": [[-26, 27, 28, 29, 30, 31]], "type": "Polygon", "properties": {"N03_001": "島根県", "N03_002": null, "N03_003": null, "N03_004": "大田市", "N03_007": "32205", "N03_EN": "ODA SHI"}}, {"arcs": [[-1, -4, -6, 32, 33, -7, -2]], "type": "Polygon", "properties": {"N03_001": "島根県", "N03_002": null, "N03_003": null, "N03_004": "安来市", "N03_007": "32206", "N03_EN": "YASUGI SHI"}}, {"arcs": [[-21, 34, -31, 35, 36]], "type": "Polygon", "properties": {"N03_001": "島根県", "N03_002": null, "N03_003": null, "N03_004": "江津市", "N03_007": "32207", "N03_EN": "GOTSU SHI"}}, {"arcs": [[-8, -34, 37, 38, 39, -24]], "type": "Polygon", "properties": {"N03_001": "島根県", "N03_002": null, "N03_003": null, "N03_004": "雲南市", "N03_007": "32209", "N03_EN": "UNNAN SHI"}}, {"arcs": [[-5, 40, -38, -33]], "type": "Polygon", "properties": {"N03_001": "島根県", "N03_002": null, "N03_003": "仁多郡", "N03_004": "奥出雲町", "N03_007": "32343", "N03_EN": "NITA GUN OKUIZUMO CHO"}}, {"arcs": [[-25, -40, 41, 42, 43, -28]], "type": "Polygon", "properties": {"N03_001": "島根県", "N03_002": null, "N03_003": "飯石郡", "N03_004": "飯南町", "N03_007": "32386", "N03_EN": "IISHI GUN IINAN CHO"}}, {"arcs": [[-30, 44, 45, -36]], "type": "Polygon", "properties": {"N03_001": "島根県", "N03_002": null, "N03_003": "邑智郡", "N03_004": "川本町", "N03_007": "32441", "N03_EN": "OCHI GUN KAWAMOTO MACHI"}}, {"arcs": [[-29, -44, 46, 47, -45]], "type": "Polygon", "properties": {"N03_001": "島根県", "N03_002": null, "N03_003": "邑智郡", "N03_004": "美郷町", "N03_007": "32448", "N03_EN": "OCHI GUN MISATO CHO"}}, {"arcs": [[-22, -37, -46, -48, 48, 49, 50]], "type": "Polygon", "properties": {"N03_001": "島根県", "N03_002": null, "N03_003": "邑智郡", "N03_004": "邑南町", "N03_007": "32449", "N03_EN": "OCHI GUN ONAN CHO"}}, {"arcs": [[-17, 51, 52, 53]], "type": "Polygon", "properties": {"N03_001": "島根県", "N03_002": null, "N03_003": "鹿足郡", "N03_004": "津和野町", "N03_007": "32501", "N03_EN": "KANOASHI GUN TSUWANO CHO"}}, {"arcs": [[-16, 54, 55, 56, -52]], "type": "Polygon", "properties": {"N03_001": "島根県", "N03_002": null, "N03_003": "鹿足郡", "N03_004": "吉賀町", "N03_007": "32505", "N03_EN": "KANOASHI GUN YOSHIKA CHO"}}, {"arcs": [[57]], "type": "Polygon", "properties": {"N03_001": "島根県", "N03_002": null, "N03_003": "隠岐郡", "N03_004": "海士町", "N03_007": "32525", "N03_EN": "OKI GUN AMA CHO"}}, {"arcs": [[58]], "type": "Polygon", "properties": {"N03_001": "島根県", "N03_002": null, "N03_003": "隠岐郡", "N03_004": "西ノ島町", "N03_007": "32526", "N03_EN": "OKI GUN NISHINOSHIMA CHO"}}, {"arcs": [[59]], "type": "Polygon", "properties": {"N03_001": "島根県", "N03_002": null, "N03_003": "隠岐郡", "N03_004": "知夫村",