{"type": "Topology", "transform": {"scale": [0.0005259715925207424, 0.00043289358342934705], "translate": [122.94015612240719, 24.045871946033515]}, "arcs": [[[14454, 20873], [-90, -76], [39, -85]], [[14403, 20712], [-60, -24], [-133, 2]], [[15019, 20925], [-96, 46], [-35, 1], [-63, 50], [-63, 13], [-37, 40], [-33, -28], [-23, -112]], [[14669, 20935], [-76, 0], [-67, 17], [-35, -27]], [[14491, 20925], [7, -39]], [[14498, 20886], [-44, -13]], [[14844, 20267], [27, -31], [-63, -84]], [[14808, 20152], [-70, 22]], [[14738, 20174], [4, 74], [29, 23]], [[14771, 20271], [73, -4]], [[14844, 20267], [47, 63], [34, 16]], [[14925, 20346], [28, -3], [43, -62]], [[14996, 20281], [-77, -59], [-17, -84]], [[14902, 20138], [-94, -30]], [[14808, 20108], [0, 44]], [[14738, 20174], [-163, -57]], [[14575, 20117], [-15, 55], [31, 33], [-62, 79], [-20, 51]], [[14509, 20335], [79, -13], [25, 44]], [[14613, 20366], [16, -3]], [[14629, 20363], [54, 6], [24, -62], [41, 1], [23, -37]], [[14808, 20108], [54, -51]], [[14862, 20057], [5, -19]], [[14867, 20038], [-11, -47], [43, -78]], [[14899, 19913], [-66, -5], [-48, 40]], [[14785, 19948], [-86, 33], [-52, 50], [-69, -3]], [[14578, 20028], [-3, 89]], [[14629, 20363], [28, 73], [-23, 55], [27, 37]], [[14661, 20528], [37, 40], [119, 52]], [[14817, 20620], [-7, -103]], [[14810, 20517], [-19, -71], [55, -90]], [[14846, 20356], [79, -10]], [[14799, 19665], [35, 0], [77, 85]], [[14911, 19750], [40, -63], [45, -15], [64, 29], [59, -8], [111, 20]], [[15230, 19713], [94, -22], [37, -48]], [[15361, 19643], [10, -67], [-29, -11], [9, -122]], [[15351, 19443], [-52, -36], [-53, 8], [-34, -28]], [[15212, 19387], [-73, 10], [-3, 57], [-74, 61], [-43, 12], [-185, -68], [-38, -47], [4, -101], [28, -29]], [[14828, 19282], [-34, -15], [-52, -102]], [[14742, 19165], [-44, -5], [-55, 57]], [[14643, 19217], [-42, 21], [-170, 29], [14, 55]], [[14445, 19322], [67, 71], [-15, 81], [-65, 102], [60, 41], [52, 88], [82, 60]], [[14626, 19765], [83, -91], [-24, -41], [43, -40], [71, 72]], [[14919, 18909], [-11, -61]], [[14908, 18848], [63, -60], [25, -101], [96, -33]], [[15092, 18654], [-40, -49], [-197, 8], [-62, -6]], [[14793, 18607], [-41, 14], [-84, 67], [-7, 36]], [[14661, 18724], [26, 75], [68, 96], [64, 70], [-45, 67], [12, 25]], [[14786, 19057], [44, -60], [2, -52], [33, -36], [54, 0]], [[14403, 20712], [23, -55]], [[14426, 20657], [5, -24], [-64, -95]], [[14367, 20538], [-40, 34], [-72, -22]], [[14255, 20550], [-15, 105], [-30, 35]], [[14244, 18908], [33, -48], [39, -1]], [[14316, 18859], [85, -63], [62, 32], [61, -5]], [[14524, 18823], [23, -19]], [[14547, 18804], [-17, -72], [-48, -2], [-32, -38], [-91, -9], [-32, -26]], [[14327, 18657], [-66, -19], [-73, 14], [-30, 63], [-50, 49]], [[14108, 18764], [21, 75], [43, 61], [72, 8]], [[14509, 20335], [-92, 11], [0, 63], [-89, 56]], [[14328, 20465], [39, 73]], [[14426, 20657], [100, 7]], [[14526, 20664], [37, -15], [13, -57], [37, -43]], [[14613, 20549], [-33, -40], [16, -63], [-9, -50], [26, -30]], [[15019, 20925], [11, -28]], [[15030, 20897], [-56, -64], [-15, -114], [-52, -52], [-29, 8], [-61, -55]], [[14661, 20528], [-42, 29]], [[14619, 20557], [35, 98], [-22, 82], [32, 59], [-39, 58], [35, 23], [9, 58]], [[15030, 20897], [84, -20], [20, -45], [108, -39], [25, -54]], [[15267, 20739], [-28, -45], [1, -117]], [[15240, 20577], [-60, -44], [-117, -8], [-43, -15], [-16, -53]], [[15004, 20457], [-151, 59], [-43, 1]], [[14785, 19948], [-40, -10], [-31, -44], [-35, 22], [-161, -33], [-42, 5], [-83, -21], [-21, 18]], [[14372, 19885], [73, 26], [57, 79], [76, 38]], [[14083, 19294], [7, 10], [6, 6]], [[14096, 19310], [40, 30], [14, 45], [-67, 18], [-7, 85], [43, -11], [46, 56]], [[14165, 19533], [54, 49], [70, 3], [-38, -126], [-53, -84], [15, -25], [-64, -82], [-66, 26]], [[14265, 19820], [29, -91], [-15, -61], [-43, -27], [-44, 6], [23, 69], [-43, 12], [52, 72], [41, 20]], [[14899, 19913], [-1, -6]], [[14898, 19907], [13, -157]], [[14799, 19665], [-85, 90], [-93, 58]], [[14621, 19813], [-170, 4], [-60, -30], [-81, -16], [-27, 51], [89, 63]], [[15267, 20739], [53, 11]], [[15320, 20750], [18, -21], [165, 28], [63, 33], [72, -15]], [[15638, 20775], [-22, -62], [60, -31], [3, -62], [113, -26]], [[15792, 20594], [14, -121]], [[15806, 20473], [-145, -78], [-30, 32], [-122, -12]], [[15509, 20415], [-59, -7], [-88, 51], [-62, 17], [-39, -15]], [[15261, 20461], [-21, 116]], [[14098, 19188], [36, -21], [-56, -71], [-29, 48], [49, 44]], [[14096, 19310], [-87, -21], [-57, 16], [-62, -14], [-40, 35], [-39, 91], [147, 76], [65, 77], [83, 22], [57, -30], [2, -29]], [[13457, 19389], [44, -13], [69, 13], [38, 99], [39, 28], [16, 88], [-16, 26]], [[13647, 19630], [133, 11], [39, -176], [-22, -32], [43, -152], [-2, -64], [-63, -118], [-51, 24], [-20, -51], [-142, -210], [-63, -5], [-33, -47], [-40, 11], [-4, 57], [24, 40], [-80, 29], [77, 117], [-57, 61], [-11, 71], [36, 49], [24, 118], [22, 26]], [[15004, 20457], [29, -19]], [[15033, 20438], [-187, -82]], [[14898, 19907], [46, -25], [38, -61], [102, 66], [4, 22]], [[15088, 19909], [52, 1]], [[15140, 19910], [68, -17], [27, -44], [25, -90], [-30, -46]], [[14613, 20549], [6, 8]], [[14498, 20886], [48, -81], [15, -56], [-35, -85]], [[14328, 20465], [-69, 37], [-4, 48]], [[15261, 20461], [-35, -60], [56, -34]], [[15282, 20367], [-62, 10], [-82, -22], [-52, -48]], [[15086, 20307], [-1, 8]], [[15085, 20315], [-40, 41], [-12, 82]], [[15085, 20315], [-89, -34]], [[15320, 20750], [26, 34], [12, 118]], [[15358, 20902], [34, 31], [67, 20], [64, -45], [130, 18]], [[15653, 20926], [3, -50], [35, -12]], [[15691, 20864], [7, -15]], [[15698, 20849], [-60, -74]], [[15358, 20902], [-75, 111], [30, 96], [42, -14], [43, 38], [82, -13]], [[15480, 21120], [55, -12]], [[15535, 21108], [14, -30], [81, -68], [23, -84]], [[15698, 20849], [36, -47], [15, -78], [75, -92], [-32, -38]], [[15806, 20473], [19, -67], [125, -107]], [[15950, 20299], [-122, -15], [-53, -115], [-6, -54]], [[15769, 20115], [-41, 11], [-39, 103], [-63, 38], [-83, -55]], [[15543, 20212], [-34, 203]], [[15282, 20367], [-12, -65], [46, -69]], [[15316, 20233], [-68, -47]], [[15248, 20186], [-51, -11], [-82, 14]], [[15115, 20189], [-35, 49], [6, 69]], [[15543, 20212], [-192, -23], [-35, 44]], [[14862, 20057], [76, 48]], [[14938, 20105], [37, -41], [44, 83], [68, 7], [28, 35]], [[15248, 20186], [-3, -14], [-128, -80], [-1, -167], [24, -15]], [[15088, 19909], [-66, 78], [-47, -11], [-108, 62]], [[14902, 20138], [36, -33]], [[15769, 20115], [2, -21]], [[15771, 20094], [-106, -80], [-9, -88], [-44, 19], [-67, -86], [6, -101], [-28, -45]], [[15523, 19713], [-100, 19], [-25, -77], [-37, -12]], [[14626, 19765], [-5, 48]], [[14643, 19217], [-72, -51], [16, -74], [-14, -72], [-28, -40], [-21, -157]], [[14316, 18859], [43, 10], [5, 63], [-51, 34], [-9, 48]], [[14304, 19014], [16, 57], [-11, 46], [44, 104], [92, 101]], [[14244, 18908], [1, 75], [59, 31]], [[14908, 18848], [58, 2], [-8, 56], [80, 49]], [[15038, 18955], [17, -19], [38, -121], [56, -68], [-25, -44], [35, -27]], [[15159, 18676], [-67, -22]], [[15217, 19197], [28, -79], [42, -52], [-15, -34]], [[15272, 19032], [-7, -57], [25, -38], [104, -14], [19, 16]], [[15413, 18939], [46, -22], [25, -66], [31, -11], [16, -96]], [[15531, 18744], [-24, -18], [-70, 9], [-41, 32], [-65, -1], [-22, -27]], [[15309, 18739], [-29, 75], [12, 48], [-88, 82], [-40, 16], [-22, 128], [-36, 40]], [[15106, 19128], [26, 55]], [[15132, 19183], [85, 14]], [[15272, 19032], [71, 68], [78, -64]], [[15421, 19036], [-8, -97]], [[15351, 19443], [4, -35], [52, -91], [46, -1], [19, -121], [56, -51], [-12, -50]], [[15516, 19094], [-58, -72], [-37, 14]], [[15217, 19197], [32, 82], [-42, 78], [5, 30]], [[14919, 18909], [31, 63], [2, 73], [21, 36], [-39, 37], [-4, 65], [-25, 55]], [[14905, 19238], [48, 12], [88, -84], [26, 23], [65, -6]], [[15106, 19128], [-30, -34], [-8, -56], [-34, -35], [4, -48]], [[14905, 19238], [-77, 44]], [[14786, 19057], [-4, 40], [-40, 68]], [[14661, 18724], [-55, 11], [-23, 71], [-36, -2]], 