{"type": "Topology", "transform": {"scale": [0.0005259715925207424, 0.00043289358342934705], "translate": [122.94015612240719, 24.045871946033515]}, "arcs": [[[35537, 34477], [-123, 58], [-83, -10], [-59, 17], [-17, -48]], [[35255, 34494], [11, -23], [0, -141], [-73, -74], [25, -51], [-50, -93], [-11, -68], [-41, -36]], [[35116, 34008], [9, 43], [-118, 60], [-92, -44], [-67, 0], [-23, -71], [-78, -32], [-19, 48], [-48, 35], [-45, -4]], [[34635, 34043], [-52, 69], [-51, 41], [83, 60], [-14, 49], [-91, 23], [-112, -22], [-92, -4], [-43, 68], [-97, 50], [-66, 8], [-98, 77], [-96, -14]], [[33625, 33268], [32, -24], [101, -27], [2, -22]], [[33760, 33195], [-14, -84], [83, -48], [-29, -42], [143, -73], [182, -19], [10, -29]], [[34135, 32900], [-22, -71]], [[34113, 32829], [-5, -25]], [[34108, 32804], [-192, 11], [-94, -17], [-84, 69], [-67, 37], [-71, -6], [-55, 41], [18, 90], [-57, 77]], [[33506, 33106], [17, 88], [26, 58]], [[33549, 33252], [64, 33]], [[33613, 33285], [12, -17]], [[34419, 32874], [-6, -10], [-21, 7], [4, 12]], [[34396, 32883], [1, -1]], [[34397, 32882], [22, -8]], [[34135, 32900], [67, 43], [-4, 61]], [[34198, 33004], [13, 18]], [[34211, 33022], [4, -55], [50, -17]], [[34265, 32950], [2, -55], [94, -22], [29, 14]], [[34390, 32887], [-63, -122]], [[34327, 32765], [-45, 18], [-26, 49], [-143, -3]], [[34327, 32765], [-67, -125]], [[34260, 32640], [-51, 51]], [[34209, 32691], [-101, 113]], [[34209, 32691], [-126, -23], [-7, 33], [-88, 39], [-63, -10], [56, -63], [-40, -30]], [[33941, 32637], [-81, 11]], [[33860, 32648], [-26, 73], [-100, 36], [-63, 52], [-80, 38], [-87, 6], [-171, -36]], [[33333, 32817], [1, 45], [46, 27], [-9, 45], [53, 16], [20, 36], [-17, 56]], [[33427, 33042], [79, 64]], [[33760, 33195], [37, 42], [53, -42], [122, -55], [70, -79], [35, 10]], [[34077, 33071], [89, -65], [32, -2]], [[35449, 32873], [-52, 13], [19, 63], [40, -24], [-7, -52]], [[35341, 33690], [-7, -44], [-71, -63], [-3, -99], [91, -1], [24, -39], [-113, -50], [17, -51]], [[35279, 33343], [-70, 29], [-36, -31], [-44, 15], [-32, -113], [23, -58], [69, -3], [19, -53], [91, 24]], [[35299, 33153], [-8, -36], [61, -99], [12, -52], [-24, -42], [-73, 24], [-79, 97], [-45, -10], [25, 82], [-67, 40], [-68, -31], [-19, 65], [-206, -19]], [[34808, 33172], [14, 91], [-56, 63], [-57, -54], [-58, 27]], [[34651, 33299], [-3, 94], [24, 43]], [[34672, 33436], [38, 49], [65, 14]], [[34775, 33499], [15, 59], [44, 21], [6, 42], [48, 5], [-7, -59], [57, -19], [161, 94]], [[35099, 33642], [47, -37], [92, 64], [65, -14], [38, 35]], [[35279, 33343], [2, 0], [9, -84], [-68, -6], [16, -63], [61, -37]], [[35099, 33642], [-49, 111], [16, 43], [-18, 99], [75, 48]], [[35123, 33943], [77, 6], [40, 26], [49, -25], [55, 14]], [[35344, 33964], [68, -26], [-15, -73], [-57, 26], [-21, -51], [-51, -12], [-62, -45], [-28, -62], [65, 4], [98, -35]], [[35537, 34477], [37, -156], [-89, -54], [-39, -73], [25, -44], [-145, -94], [-15, -46], [33, -46]], [[35123, 33943], [-7, 65]], [[34406, 33019], [29, -18], [-31, -57]], [[34404, 32944], [1, -10]], [[34405, 32934], [-80, 26]], [[34325, 32960], [30, 58], [51, 1]], [[34808, 33172], [-141, -70], [-29, -36], [-50, 1], [-12, 45]], [[34576, 33112], [-18, 44], [20, 53], [-21, 50]], [[34557, 33259], [37, -3], [57, 43]], [[34397, 32882], [20, 30], [-12, 22]], [[34404, 32944], [77, 29], [16, -62], [-78, -37]], [[33757, 32319], [20, -32]], [[33777, 32287], [-37, -128]], [[33740, 32159], [-19, -42], [-84, -18], [-26, -67]], [[33611, 32032], [-38, -11]], [[33573, 32021], [-44, 16], [-167, -34]], [[33362, 32003], [-7, 4]], [[33355, 32007], [-27, 38], [10, 67]], [[33338, 32112], [62, 9], [42, 64], [-34, 107], [-40, 39], [-25, 113]], [[33343, 32444], [117, 14], [126, -29], [14, -44], [113, -65], [44, -1]], [[34260, 32640], [-35, -101]], [[34225, 32539], [-69, 29], [-28, -58], [-52, 31], [-97, 16], [-30, 20]], [[33949, 32577], [-8, 60]], [[33777, 32287], [89, 40]], [[33866, 32327], [91, 25], [43, 61]], [[34000, 32413], [38, -198]], [[34038, 32215], [20, -71], [-5, -112]], [[34053, 32032], [-39, 43], [-82, 2], [-12, 38], [-131, -13], [-2, 38], [-47, 19]], [[34396, 32883], [-1, 0], [-5, 4]], [[34265, 32950], [60, 10]], [[34225, 32539], [-37, -196]], [[34188, 32343], [-26, 68], [-41, 43], [-56, -31], [-43, 5]], [[34022, 32428], [-30, 100], [-62, 23]], [[33930, 32551], [19, 26]], [[34775, 33499], [-52, 57], [-5, 51], [-74, 10]], [[34644, 33617], [-128, 98]], [[34516, 33715], [-39, 78], [-30, 18], [46, 67], [96, 44], [51, 6], [-5, 115]], [[34516, 33715], [-22, -27], [-144, 0], [-24, 58], [-52, 35], [-5, 80], [-66, 40], [-133, 31], [-49, -8], [-102, 84], [-33, -9], [-48, 38], [22, 38], [0, 186], [-23, 52], [-57, 48]], [[33780, 34361], [47, 66], [45, 21]], [[33872, 34448], [34, 0]], [[34644, 33617], [-38, 10], [-112, -60], [19, -48]], [[34513, 33519], [-81, 27], [2, 51], [-70, -9], [21, -134], [133, -10], [57, -72], [1, -58], [-29, -55]], [[34547, 33259], [-56, 14], [-40, -19]], [[34451, 33254], [-157, 144], [-55, -32]], [[34239, 33366], [-73, 8], [-38, 46]], [[34128, 33420], [-5, 46]], [[34123, 33466], [18, 65], [-39, 43], [4, 44], [-62, 75], [-150, 140], [-32, -13], [-46, 48], [-34, -15], [-161, -21]], [[33621, 33832], [-32, 27], [56, 136], [-63, 50], [-9, 98], [-114, 104], [16, 41]], [[33475, 34288], [29, -36], [90, 44], [67, -9], [50, 20], [27, 47], [42, 7]], [[34077, 33071], [16, 143], [41, 18], [32, -62], [48, -3], [7, -116]], [[34221, 33051], [-10, -29]], [[33343, 32444], [-61, 91]], [[33282, 32535], [1, 31]], [[33283, 32566], [138, 7], [50, -23], [55, 31], [88, -37], [31, 19]], [[33645, 32563], [118, -15], [9, -54], [-28, -87]], [[33744, 32407], [-21, -31], [34, -57]], [[33338, 32112], [-125, 39], [-115, -32], [-131, 62]], [[32967, 32181], [18, 70], [-24, 50], [1, 63]], [[32962, 32364], [128, -6], [58, 9], [81, 53], [0, 52], [53, 63]], [[33744, 32407], [57, 1], [67, -38]], [[33868, 32370], [-2, -43]], [[33930, 32551], [-48, -37], [-20, -63], [6, -81]], [[33645, 32563], [23, 54], [135, -36], [49, 28], [8, 39]], [[34022, 32428], [-22, -15]], [[33283, 32566], [2, 3]], [[33285, 32569], [39, 28], [24, 58], [-21, 107], [6, 55]], [[34053, 32032], [10, -49]], [[34063, 31983], [-4, -114]], [[34059, 31869], [-5, -107], [-78, 0], [-68, 25], [1, -56], [-71, 12], [-83, 37]], [[33755, 31780], [-28, 78], [25, 46], [-8, 74], [-54, 28], [-62, -5], [-17, 31]], [[34188, 32343], [-13, -123]], [[34175, 32220], [-101, 15], [-36, -20]], [[34175, 32220], [16, -187], [14, -38]], [[34205, 31995], [-62, 15], [-80, -27]], [[34576, 33112], [-73, 4], [-49, -28], [-5, -44]], [[34449, 33044], [-32, 51], [-48, -1]], [[34369, 33094], [82, 160]], [[34547, 33259], [10, 0]], [[34221, 33051], [41, 2], [37, 44]], [[34299, 33097], [70, -3]], [[34449, 33044], [-43, -25]], [[33625, 33268], [186, 111], [123, -3]], [[33934, 33376], [12, -45], [191, -72], [59, 53], [65, -3]], [[34261, 33309], [25, -116], [-18, -38], [31, -58]], [[34261, 33309], [-22, 57]], [[33934, 33376], [194, 44]], [[33613, 33285], [1, 1]], [[33614, 33286], [46, 26], [37, 59], [62, 61], [78, 22], [25, 56], [137, 30], [124, -74]], [[33614, 33286], [-43, 74], [-45, 18], [-38, 106], [47, 63], [-17, 60], [-61, 92], [17, 36]], [[33474, 33735], [83, -36], [23, 15], [41, 118]], [[34672, 33436], [-48, -22], [-111, 105]]], "objects": {"pref_4": {"type": "GeometryCollection", "geometries": [{"arcs": [[4, 5, 6, 7, 8, 9, 10, 11]], "type": "Polygon", "properties": {"N03_001": "宮城県", "N03_002": null, "N03_003": "仙台市", "N03_004": "青葉区", "N03_007": "04101", "N03_EN": "SENDAI SHI AOBA KU"}}, {"arcs": [[[12, 13, 14]], [[-7, 15, 16, 17, 18, 19, 20]]], "type": "MultiPolygon", "properties": {"N03_001": "宮城県", "N03_002": null, "N03_003": "仙台市", "N03_004": "宮城野区", "N03_007": "04102", "N03_EN": "SENDAI SHI MIYAGINO KU"}}, {"arcs": [[-8, -21, 21, 22, 23]], "type": "Polygon", "properties": {"N03_001": "宮城県", "N03_002": null, "N03_003": "仙台市", "N03_004": "若林区", "N03_007": "04103", "N03_EN": "SENDAI SHI WAKABAYASHI KU"}}, {"arcs": [[-9, -24, 24, 25, 26, 27, 28]],