{"type": "Topology", "transform": {"scale": [0.0005259715925207424, 0.00043289358342934705], "translate": [122.94015612240719, 24.045871946033515]}, "arcs": [[[35389, 37683], [-73, -12], [-66, 52], [-74, 0], [-66, -43], [-26, 8]], [[34939, 37715], [-47, -48], [-84, -25], [-96, -77], [-73, -6]], [[34639, 37559], [-113, -57], [19, -44], [-64, -20], [-95, -71]], [[34386, 37367], [-88, -5], [-47, 65]], [[35084, 37688], [-81, -69]], [[35003, 37619], [-64, 96]], [[35634, 37895], [-98, -70], [-68, -18], [-27, -89]], [[35441, 37718], [-52, -35]], [[35162, 36581], [67, -17], [28, 20]], [[35257, 36584], [41, -8], [-4, -55], [24, -46], [-80, -163], [-28, 4], [-118, -45], [-2, -92], [23, -37]], [[35113, 36142], [-82, -54], [-54, -60], [38, -47], [69, -28], [73, -62], [-23, -44]], [[35134, 35847], [-31, 30], [-126, -23], [-61, 12]], [[34916, 35866], [-30, 75], [-36, -53], [-58, 49], [-81, -13]], [[34711, 35924], [-38, 80], [-101, 41], [-43, -36], [-88, 19]], [[34441, 36028], [-28, 33], [-51, -11], [-16, 45], [47, 71]], [[34393, 36166], [35, -28], [57, 32], [96, 149], [75, 26], [-26, 99], [-82, 47], [-24, 85]], [[34524, 36576], [66, 7], [68, 60], [-26, 43]], [[34632, 36686], [62, -3], [20, -41], [120, -8], [31, -85], [59, -71], [50, 28], [175, 3], [13, 72]], [[35113, 36142], [34, -34], [61, 10], [73, 59], [100, -6], [26, 32], [72, -21], [49, 107], [55, 0], [49, -30], [48, 26], [95, -50], [88, -19], [89, 54], [56, 8], [48, 50], [7, 61], [59, 49], [75, 26]], [[36197, 36464], [35, -134], [-48, -167], [25, -32], [-26, -58], [18, -39], [89, 5], [-8, -77], [19, -92], [46, 1], [27, -67], [-73, -37], [-44, -68]], [[36257, 35699], [-55, 48], [-20, 55], [-63, 18], [-71, -10], [-42, 36], [-83, -32], [-33, 11], [-121, -32], [-10, -26]], [[35759, 35767], [-23, -42], [-56, -28], [-9, -47], [36, -75]], [[35707, 35575], [-57, -6], [-104, 27], [-82, 99], [-85, 62], [-91, 26], [-22, 51]], [[35266, 35834], [-115, -8], [-17, 21]], [[36087, 34966], [-69, -34], [-189, 32], [-77, -15], [-31, 65]], [[35721, 35014], [-26, 35], [-33, 112]], [[35662, 35161], [-59, 118], [-22, 85], [13, 84], [58, 49], [94, -3]], [[35746, 35494], [7, -40], [183, -61], [80, -54], [60, 4]], [[36076, 35343], [46, -39], [82, 24], [-23, -60], [-127, -10], [42, -54], [-51, -63], [28, -40], [47, 17], [21, -48], [-106, -64], [52, -40]], [[36257, 35699], [-33, -38], [-70, -19], [45, -83], [107, 100], [45, -30], [-40, -51], [-14, -72], [-149, -39]], [[36148, 35467], [-131, 16], [-35, 32], [-48, 91], [-50, 44], [-61, 83], [-64, 34]], [[35257, 36584], [11, 49], [45, 14], [69, -17], [18, 60], [41, 27], [5, 72], [-31, 58], [-66, 80], [0, 35]], [[35349, 36962], [71, -4], [53, -46], [47, 6], [73, -44], [58, 23], [60, -19], [65, 50]], [[35776, 36928], [105, -44]], [[35881, 36884], [-32, -23], [7, -59]], [[35856, 36802], [-41, -138], [4, -57], [86, 22], [32, -69], [142, -26], [82, 61]], [[36161, 36595], [36, -54], [0, -77]], [[36087, 34966], [-64, -62], [-87, -7], [146, -109], [-75, -35], [-36, 32], [-96, -4], [30, -64], [-14, -59], [67, -46], [-139, -3], [-109, -20], [41, -53], [-58, -22]], [[35693, 34514], [-47, 74], [-17, 96], [-43, -10], [-54, 64], [-6, 66]], [[35526, 34804], [-12, 38], [74, 112], [38, -2], [95, 62]], [[35693, 34514], [18, -54], [-66, 4], [-42, 38], [22, 44], [-72, 15], [-34, -30], [18, -54]], [[35537, 34477], [-123, 58], [-83, -10], [-59, 17], [-17, -48]], [[35255, 34494], [-36, 33], [18, 45], [-25, 72], [36, 30], [2, 58], [-34, 47]], [[35216, 34779], [7, 55], [57, -36], [91, -29], [28, 34], [72, -25], [55, 26]], [[35634, 37895], [73, -120], [96, -123], [7, -57], [36, -57]], [[35846, 37538], [-63, -53], [-54, -6], [-9, -59], [-97, -11], [11, -49], [-125, 0], [-62, 33]], [[35447, 37393], [51, 27], [1, 57], [-50, 19], [-19, 107], [57, 75], [-46, 40]], [[35856, 36802], [56, -12], [80, 12], [97, -8], [50, 36]], [[36139, 36830], [23, -97], [-39, -64], [38, -74]], [[35881, 36884], [43, 19], [38, 80]], [[35962, 36983], [44, -20], [40, -73], [68, -13], [25, -47]], [[35266, 35834], [13, -64], [-82, -19], [-30, -57], [1, -57], [-43, -46], [-130, -80], [-46, -6], [-39, -75], [-4, -49], [53, -14], [-7, -45], [52, -57], [-9, -32], [46, -46], [-26, -41]], [[35015, 35146], [-91, 67], [-30, 67], [-107, -27]], [[34787, 35253], [-41, 1], [-50, 44], [4, 41], [-46, 27], [-98, -10], [-52, 25], [-88, -57], [-90, 21], [-156, 55], [-19, 82], [14, 60], [-49, 112]], [[34116, 35654], [-2, 87]], [[34114, 35741], [70, 59], [68, -27], [32, 34]], [[34284, 35807], [102, -51], [106, -2], [54, -40], [49, 11], [83, -14], [98, -45], [88, -5], [34, 60], [-19, 90], [37, 55]], [[34787, 35253], [32, -80], [-58, -24], [-57, 32], [-81, -46], [-14, -32], [-76, -27]], [[34533, 35076], [-62, 45], [-74, 13], [-65, -40], [-101, -14], [-49, -85], [-54, -31]], [[34128, 34964], [-63, -10]], [[34065, 34954], [-5, 76], [67, 73], [-25, 45], [39, 59], [-5, 66], [-39, 51], [-4, 46], [-88, 107], [-4, 38], [86, 73], [29, 66]], [[35349, 36962], [-14, 64], [-74, 30], [-46, 69]], [[35215, 37125], [-11, 40], [37, 37], [12, 90], [47, 74]], [[35300, 37366], [95, 28], [52, -1]], [[35846, 37538], [42, -56], [30, -87], [-47, -43], [-7, -75], [107, -44], [30, -47], [-63, -30]], [[35938, 37156], [-62, -32], [-74, -6], [-71, -78], [50, -80], [-5, -32]], [[35707, 35575], [-2, -39], [41, -42]], [[35662, 35161], [-74, -55], [-44, 21], [-78, -20], [-61, 38], [-40, -38], [-47, 5], [-73, -26], [-10, -55], [-60, -42], [-75, 20]], [[35100, 35009], [-36, 105], [-49, 32]], [[35255, 34494], [11, -23], [0, -141], [-73, -74], [25, -51], [-50, -93], [-11, -68], [-41, -36]], [[35116, 34008], [9, 43], [-118, 60], [-92, -44], [-67, 0], [-23, -71], [-78, -32], [-19, 48], [-48, 35], [-45, -4]], [[34635, 34043], [-52, 69], [-51, 41], [83, 60], [-14, 49], [-91, 23], [-112, -22], [-92, -4], [-43, 68], [-97, 50], [-66, 8], [-98, 77], [-96, -14]], [[33906, 34448], [-18, 97], [39, 45]], [[33927, 34590], [110, 3], [16, 34], [80, 31], [74, -135], [98, 14], [43, -26]], [[34348, 34511], [44, -41], [157, 0], [136, 43], [-11, 74]], [[34674, 34587], [38, 26], [19, 52], [61, 27], [56, 63], [64, 26], [-1, 69], [47, 0], [110, 69]], [[35068, 34919], [41, -61], [15, -66], [92, -13]], [[35003, 37619], [44, -139]], [[35047, 37480], [22, -83]], [[35069, 37397], [-55, -24], [-116, 63], [-64, -33], [-4, -35], [-130, -73], [-16, -65], [14, -76], [-62, -94]], [[34636, 37060], [-48, 13], [-50, 97], [-84, 9], [-69, 80], [1, 108]], [[34636, 37060], [2, -19]], [[34638, 37041], [-18, -67], [-43, -30], [4, -101], [38, -65], [-31, -20], [44, -72]], [[34524, 36576], [-42, -40], [-37, 14], [-107, -36], [-1, -21]], [[34337, 36493], [-64, 19], [-52, -27], [-76, 15], [-41, 64]], [[34104, 36564], [-19, 87], [-25, 26], [-13, 84]], [[34047, 36761], [14, 201], [-21, 65], [63, 54], [-19, 75], [30, 53], [-45, 42], [63, 48], [24, 69], [70, 15], [25, 44]], [[35100, 35009], [-30, -37], [-2, -53]], [[34674, 34587], [-128, 1], [-20, -28], [-104, -12], [-74, -37]], [[33927, 34590], [39, 75], [-10, 56], [-90, 22], [33, 88], [-39, 38], [46, 63], [65, 25]], [[33971, 34957], [48, -31], [46, 28]], [[34128, 34964], [199, -110], [68, -4], [23, 33], [85, 39], [72, 83], [9, 43], [-51, 28]], [[34393, 36166], [-27, 38], [11, 108], [-34, 25], [11, 116], [-17, 40]], [[34441, 36028], [-14, -62], [27, -39]], [[34454, 35927], [-92, -62], [-82, 19], [4, -77]], [[34114, 35741], [-45, 135], [-42, 41], [-58, -8], [-22, 29]], [[33947, 35938], [47, 114], [5, 82], [-54, 50], [6, 73], [42, 71], [55, 49], [-13, 27], [-104, 43], [-9, 102], [33, 32], [55, 8], [28, -31], [66, 6]], [[35162, 36581], [-66, 36], [7, 41], [-58, 73], [7, 56], [-74, 6], [-59, 36], [-2, 50], [-35, 48]], [[34882, 36927], [49, 48], [52, 8], [23, 50], [-45, 133], [71, 39], [60, -1]], [[35092, 37204], [-24, -36], [57, -67], [48, -8], [42, 32]], [[34638, 37041], [58, -47], [103, -15], [83, -52]], [[34454, 35927], [73, -44], [85, 9], [55, -11], [44, 43]], [[33971, 34957], [-82, 44], [3, 25]], [[33892, 35026], [42, 69], [-37, 33], [-97, 46], [-1, 56], [-45, 7], [18, 101], [-90, 106]], [[33682, 