{"type": "Topology", "transform": {"scale": [0.0005259715925207424, 0.00043289358342934705], "translate": [122.94015612240719, 24.045871946033515]}, "arcs": [[[26415, 29331], [22, 29]], [[26437, 29360], [11, 72]], [[26448, 29432], [-4, 60], [46, 127]], [[26490, 29619], [24, 40], [0, 66]], [[26514, 29725], [80, 79], [110, 40]], [[26704, 29844], [99, 5], [26, -19]], [[26331, 29013], [-6, 56]], [[26325, 29069], [53, 68], [16, 50], [-18, 51], [-44, 34], [83, 59]], [[26336, 28306], [-15, 99]], [[26321, 28405], [41, 30], [-20, 106], [-33, 69], [33, 29], [14, 95], [-14, 60], [41, 97], [-54, 93], [2, 29]], [[26321, 28405], [-55, 15], [-124, 94], [-64, 86], [-4, 58], [-40, 77], [-38, 27]], [[25996, 28762], [17, 110], [-57, 2]], [[25956, 28874], [-67, 52]], [[25889, 28926], [56, 96], [60, 69]], [[26005, 29091], [28, -31], [101, 112]], [[26134, 29172], [47, -64], [144, -39]], [[26803, 30313], [30, -40], [-7, -64], [-68, -26], [-38, 14], [-82, -48], [-31, 52], [-62, 50], [175, -6], [57, 15], [26, 53]], [[26704, 29844], [-47, 15], [-82, 105], [-106, 5], [-17, 22]], [[26452, 29991], [10, 42], [-39, 56], [-92, 62], [-25, 49], [10, 58], [53, 114], [23, 11]], [[26392, 30383], [56, -6], [72, -62]], [[26520, 30315], [-27, -66], [49, -8], [-15, -57], [-47, -3], [-14, -82], [52, -17], [77, 41], [23, -41], [61, -49], [57, 44], [36, 81], [39, 14], [24, -74], [-17, -86], [11, -182]], [[25930, 28524], [1, -120], [-57, -48], [15, -94], [58, -3], [41, -37], [-29, -108], [-50, -28], [-30, -114]], [[25879, 27972], [-76, -20], [-38, 28]], [[25765, 27980], [12, 62], [-25, 117], [-46, 67], [-77, 7], [-9, 151], [-54, 47], [-28, 69]], [[25538, 28500], [102, 109]], [[25640, 28609], [110, 8], [18, -30], [63, 18], [99, -81]], [[26982, 30854], [-144, -54], [-104, 38], [-60, -41], [15, -125], [-21, -68]], [[26668, 30604], [-53, -26], [-118, -14], [-77, -78], [-29, 38], [-55, -91]], [[26336, 30433], [-87, -66], [-95, 65]], [[26154, 30432], [13, 60], [58, 78], [-23, 95], [98, 105], [142, 82], [60, 11], [85, -26], [283, 140], [25, 24]], [[26895, 31001], [63, -16], [18, -44], [72, -30], [-66, -57]], [[26895, 31001], [17, 29], [94, 47], [68, 2], [68, 21], [113, 57], [97, -9], [47, -64], [-21, -35], [33, -51], [-16, -49], [-96, -1], [-80, -27], [-36, -96], [3, -38]], [[27186, 30787], [-162, -43], [-42, 110]], [[25765, 27980], [-52, -47], [-46, -1]], [[25667, 27932], [-59, 80], [-35, -11], [-89, 13], [-28, 67]], [[25456, 28081], [6, 64], [-58, 64], [-64, 27], [-43, 57]], [[25297, 28293], [63, 68], [40, 66], [87, 30], [51, 43]], [[26490, 29619], [-70, 8], [-19, 38], [-48, 0], [-45, -49], [-37, -1]], [[26271, 29615], [18, 84], [-33, 57], [35, 85]], [[26291, 29841], [43, -41], [65, 7]], [[26399, 29807], [76, -30], [39, -52]], [[26383, 29387], [-65, -30], [-76, -83], [-15, -39], [-64, -5], [-16, -39]], [[26147, 29191], [-44, 43]], [[26103, 29234], [104, 205]], [[26207, 29439], [100, -7], [76, -45]], [[26336, 28306], [43, -76], [68, -34], [-13, -35], [-84, -128], [-64, -47], [28, -45], [-30, -83]], [[26284, 27858], [-20, -44]], [[26264, 27814], [-74, -10], [-78, -34], [-30, 5]], [[26082, 27775], [-31, 66], [-52, 24], [-22, 45], [-98, 62]], [[25930, 28524], [43, 3], [58, 98], [-58, 48]], [[25973, 28673], [-111, 55], [-20, -23], [-74, 23], [-24, -32]], [[25744, 28696], [-30, 8]], [[25714, 28704], [175, 222]], [[25956, 28874], [-1, -99], [41, -13]], [[25640, 28609], [74, 95]], [[25744, 28696], [229, -23]], [[26134, 29172], [13, 19]], [[26383, 29387], [54, -27]], [[26005, 29091], [98, 143]], [[26452, 29991], [-19, -79], [15, -72], [-49, -33]], [[26291, 29841], [2, 81], [-50, 30], [-41, 106], [15, 91], [-4, 88], [-110, 28], [20, 138], [31, 29]], [[26336, 30433], [56, 13], [0, -63]], [[26207, 29439], [64, 176]], [[26668, 30604], [48, 26], [3, -74], [44, -55], [65, 27], [62, -30]], [[26890, 30498], [-27, -70], [-76, -37], [-45, -42], [-27, 37], [-54, 11], [-34, 53], [-107, -135]], [[27186, 30787], [47, -111], [-32, -41], [-64, -27], [-115, 17], [-103, -56], [-29, -71]]], "objects": {"pref_17": {"type": "GeometryCollection", "geometries": [{"arcs": [[-7, -10, 10, 11, 12, 13, 14, 15]], "type": "Polygon", "properties": {"N03_001": "石川県", "N03_002": null, "N03_003": null, "N03_004": "金沢市", "N03_007": "17201", "N03_EN": "KANAZAWA SHI"}}, {"arcs": [[[16]], [[-6, 17, 18, 19, 20]]], "type": "MultiPolygon", "properties": {"N03_001": "石川県", "N03_002": null, "N03_003": null, "N03_004": "七尾市", "N03_007": "17202", "N03_EN": "NANAO SHI"}}, {"arcs": [[21, 22, 23, 24, 25]], "type": "Polygon", "properties": {"N03_001": "石川県", "N03_002": null, "N03_003": null, "N03_004": "小松市", "N03_007": "17203", "N03_EN": "KOMATSU SHI"}}, {"arcs": [[26, 27, 28, 29, 30]], "type": "Polygon", "properties": {"N03_001": "石川県", "N03_002": null, "N03_003": null, "N03_004": "輪島市", "N03_007": "17204", "N03_EN": "WAJIMA SHI"}}, {"arcs": [[-31, 31, 32]], "type": "Polygon", "properties": {"N03_001": "石川県", "N03_002": null, "N03_003": null, "N03_004": "珠洲市", "N03_007": "17205", "N03_EN": "SUZU SHI"}}, {"arcs": [[-24, 33, 34, 35, 36]], "type": "Polygon", "properties": {"N03_001": "石川県", "N03_002": null, "N03_003": null, "N03_004": "加賀市", "N03_007": "17206", "N03_EN": "KAGA SHI"}}, {"arcs": [[-4, 37, 38, 39, 40]], "type": "Polygon", "properties": {"N03_001": "石川県", "N03_002": null, "N03_003": null, "N03_004": "羽咋市", "N03_007": "17207", "N03_EN": "HAKUI SHI"}}, {"arcs": [[41, 42, 43, 44]], "type": "Polygon", "properties": {"N03_001": "石川県", "N03_002": null, "N03_003": null, "N03_004": "かほく市", "N03_007": "17209", "N03_EN": "KAHOKU SHI"}}, {"arcs": [[-9, 45, 46, 47, 48, -22, 49, 50, 51, 52, -13, 53, -11]], "type": "Polygon", "properties": {"N03_001": "石川県", "N03_002": null, "N03_003": null, "N03_004": "白山市", "N03_007": "17210", "N03_EN": "HAKUSAN SHI"}}, {"arcs": [[-26, 54, -52, 55, -50]], "type": "Polygon", "properties": {"N03_001": "石川県", "N03_002": null, "N03_003": null, "N03_004": "能美市", "N03_007": "17211", "N03_EN": "NOMI SHI"}}, {"arcs": [[-12, -54]], "type": "Polygon", "properties": {"N03_001": "石川県", "N03_002": null, "N03_003": null, "N03_004": "野々市市", "N03_007": "17212", "N03_EN": "NONOICHI SHI"}}, {"arcs": [[-51, -56]], "type": "Polygon", "properties": {"N03_001": "石川県", "N03_002": null, "N03_003": "能美郡", "N03_004": "川北町", "N03_007": "17324", "N03_EN": "NOMI GUN KAWAKITA MACHI"}}, {"arcs": [[-1, -8, -16, 56, -42, 57]], "type": "Polygon", "properties": {"N03_001": "石川県", "N03_002": null, "N03_003": "河北郡", "N03_004": "津幡町", "N03_007": "17361", "N03_EN": "KAHOKU GUN TSUBATA MACHI"}}, {"arcs": [[-15, 58, -43, -57]], "type": "Polygon", "properties": {"N03_001": "石川県", "N03_002": null, "N03_003": "河北郡", "N03_004": "内灘町", "N03_007": "17365", "N03_EN": "KAHOKU GUN UCHINADA MACHI"}}, {"arcs": [[-19, 59, -40, 60, -29, 61]], "type": "Polygon", "properties": {"N03_001": "石川県", "N03_002": null, "N03_003": "羽咋郡", "N03_004": "志賀町", "N03_007": "17384", "N03_EN": "HAKUI GUN SHIKA MACHI"}}, {"arcs": [[-2, -58, -45, 62, -38, -3]], "type": "Polygon", "properties": {"N03_001": "石川県", "N03_002": null, "N03_003": "羽咋郡", "N03_004": "宝達志水町", "N03_007": "17386", "N03_EN": "HAKUI GUN HODATSUSHIMIZU CHO"}}, {"arcs": [[-5, -41, -60, -18]], "type": "Polygon", "properties": {"N03_001": "石川県", "N03_002": null, "N03_003": "鹿島郡", "N03_004": "中能登町", "N03_007": "17407", "N03_EN": "KASHIMA GUN NAKANOTO MACHI"}}, {"arcs": [[-20, -62, -28, 63, 64]], "type": "Polygon", "properties": {"N03_001": "石川県", "N03_002": null, "N03_003": "鳳珠郡", "N03_004": "穴水町", "N03_007": "17461", "N03_EN": "HOSU GUN ANAMIZU MACHI"}}, {"arcs": [[-27, -33, 65, -64]], "type": "Polygon", "properties": {"N03_001": "石川県", "N03_002": null, "N03_003": "鳳珠郡", "N03_004": "能登町", "N03_007": "17463", "N03_EN": "HOSU GUN NOTO CHO"}}]}}}