{"type": "Topology", "transform": {"scale": [0.0005259715925207424, 0.00043289358342934705], "translate": [122.94015612240719, 24.045871946033515]}, "arcs": [[[31993, 26551], [-79, 9], [-43, -16]], [[31871, 26544], [-42, 57]], [[31829, 26601], [-50, 67]], [[31779, 26668], [-22, 18]], [[31757, 26686], [-89, 47]], [[31668, 26733], [-12, 0]], [[31045, 26712], [-32, -18], [-61, 56], [-8, 46], [-70, 0], [-33, 51]], [[31602, 26766], [-69, 23]], [[31388, 26718], [27, -6], [83, -77]], [[31498, 26635], [-46, -11], [-25, -3], [32, -79]], [[31459, 26542], [-3, -73]], [[31456, 26469], [-33, -4]], [[31423, 26465], [-23, 42]], [[31400, 26507], [5, 17], [-76, 78]], [[31329, 26602], [-18, 31], [-90, 55]], [[31221, 26688], [-176, 24]], [[31656, 26733], [-54, 33]], [[31416, 26747], [-28, -29]], [[31533, 26789], [-21, -41]], [[31512, 26748], [-37, -17], [-59, 16]], [[30841, 26847], [-58, 10]], [[31823, 26551], [20, -31]], [[31843, 26520], [43, -82]], [[31886, 26438], [-84, -17]], [[31802, 26421], [-53, 53]], [[31749, 26474], [31, 75]], [[31780, 26549], [43, 2]], [[31802, 26421], [-64, -42]], [[31738, 26379], [-55, 6]], [[31683, 26385], [-47, 17], [-23, 51]], [[31613, 26453], [29, 16]], [[31642, 26469], [81, -34], [26, 39]], [[31738, 26379], [4, -22]], [[31742, 26357], [-26, -31]], [[31716, 26326], [-29, 2]], [[31687, 26328], [-4, 57]], [[31742, 26357], [66, -10], [39, -28], [-40, -84], [-52, 20]], [[31755, 26255], [-28, 37]], [[31727, 26292], [-11, 34]], [[31727, 26292], [-40, -44]], [[31687, 26248], [-63, 31]], [[31624, 26279], [3, 21]], [[31627, 26300], [60, 28]], [[31627, 26300], [-54, 38]], [[31573, 26338], [42, 30], [-29, 87]], [[31586, 26455], [27, -2]], [[31755, 26255], [-25, -64]], [[31730, 26191], [-31, -47], [-43, -20]], [[31656, 26124], [2, 19]], [[31658, 26143], [-5, 34], [34, 71]], [[31730, 26191], [31, 16], [22, -113], [-48, -38]], [[31735, 26056], [-43, -30]], [[31692, 26026], [-31, 19]], [[31661, 26045], [-10, 37]], [[31651, 26082], [5, 42]], [[31642, 26469], [4, 21]], [[31646, 26490], [54, 110]], [[31700, 26600], [38, 1]], [[31738, 26601], [47, -15]], [[31785, 26586], [-5, -37]], [[31624, 26279], [-37, -17], [-2, -70]], [[31585, 26192], [-39, -2], [-26, -50]], [[31520, 26140], [-44, -9]], [[31476, 26131], [-22, 68]], [[31454, 26199], [41, 17], [45, 80], [3, 44]], [[31543, 26340], [30, -2]], [[31658, 26143], [-73, 49]], [[31543, 26340], [-38, -6]], [[31505, 26334], [-43, 131]], [[31462, 26465], [28, 15], [96, -25]], [[31459, 26542], [49, -13], [55, 15]], [[31563, 26544], [21, -57], [62, 3]], [[31462, 26465], [-6, 4]], [[31505, 26334], [-57, 7]], [[31448, 26341], [-25, 124]], [[31651, 26082], [-75, 44], [-56, 14]], [[31454, 26199], [-21, 85]], [[31433, 26284], [15, 57]], [[31498, 26635], [37, 38]], [[31535, 26673], [56, -12], [22, -37]], [[31613, 26624], [-50, -80]], [[31613, 26624], [81, -15]], [[31694, 26609], [6, -9]], [[31993, 26551], [38, -35], [-145, -78]], [[31843, 26520], [28, 24]], [[31785, 26586], [44, 15]], [[31738, 26601], [-10, 72], [29, 13]], [[31694, 26609], [0, 37], [-42, 58]], [[31652, 26704], [16, 29]], [[31652, 26704], [-109, -21]], [[31543, 26683], [-31, 65]], [[31535, 26673], [8, 10]], [[31221, 26688], [-74, -92], [5, -35]], [[31152, 26561], [-59, 29], [-88, -32]], [[31005, 26558], [-35, -14], [-71, -70], [-56, -73]], [[30843, 26401], [-43, 27], [-72, -17], [-69, 70]], [[30659, 26481], [38, 6], [53, 61], [-3, 26]], [[30747, 26574], [31, 30], [10, 123], [-31, 90], [26, 40]], [[31329, 26602], [-29, -5], [-91, -75]], [[31209, 26522], [-1, 1]], [[31208, 26523], [-56, 38]], [[31400, 26507], [-50, -31]], [[31350, 26476], [-105, -35]], [[31245, 26441], [2, 58], [-38, 23]], [[31735, 26056], [7, -4], [27, -82], [46, -3], [32, -47], [93, -12], [-28, -114], [-61, -6], [-53, -38]], [[31798, 25750], [-61, 28], [-33, -35]], [[31704, 25743], [-30, 113], [-41, 34]], [[31633, 25890], [94, 6], [-9, 54]], [[31718, 25950], [-26, 76]], [[30890, 26051], [29, -27], [58, 19]], [[30977, 26043], [2, -77]], [[30979, 25966], [-50, -21], [-114, -89], [-20, -138]], [[30795, 25718], [-65, 19]], [[30730, 25737], [-50, 30]], [[30680, 25767], [61, 89], [-80, 6], [-13, 70]], [[30648, 25932], [110, 19], [24, 19], [0, 68]], [[30782, 26038], [24, 14]], [[30806, 26052], [84, -1]], [[31245, 26033], [-7, 83]], [[31238, 26116], [46, 2], [20, 58]], [[31304, 26176], [44, 15], [30, -97], [-11, -52]], [[31367, 26042], [-122, -9]], [[31245, 26033], [-84, -8]], [[31161, 26025], [-87, 42], [-63, -3]], [[31011, 26064], [-3, 2]], [[31008, 26066], [3, 56]], [[31011, 26122], [30, 5], [45, 58]], [[31086, 26185], [107, -5], [16, 33]], [[31209, 26213], [35, 3]], [[31244, 26216], [-6, -100]], [[31661, 26045], [-78, -49]], [[31583, 25996], [-120, 19]], [[31463, 26015], [27, 58], [-14, 58]], [[31463, 26015], [-96, 27]], [[31304, 26176], [-18, 55]], [[31286, 26231], [21, 15]], [[31307, 26246], [78, 47]], [[31385, 26293], [48, -9]], [[31718, 25950], [-40, 29], [-61, -16]], [[31617, 25963], [-34, 33]], [[31798, 25750], [-19, -28], [27, -90], [-103, -6], [1, 117]], [[31011, 26122], [-119, -5]], [[30892, 26117], [-54, 11]], [[30838, 26128], [-35, 202]], [[30803, 26330], [41, 23]], [[30844, 26353], [124, -4]], [[30968, 26349], [5, -26]], [[30973, 26323], [45, -83], [2, -54], [66, -1]], [[31245, 26441], [10, -50]], [[31255, 26391], [-14, -161]], [[31241, 26230], [3, -14]], [[31209, 26213], [-16, 52], [-58, 13], [-53, 43], [-63, 18], [-46, -16]], [[30968, 26349], [16, 16], [113, 13], [-39, 98]], [[31058, 26476], [60, 36], [69, -57], [21, 68]], [[31385, 26293], [13, 56], [-34, 35]], [[31364, 26384], [-3, 23]], [[31361, 26407], [-11, 69]], [[31286, 26231], [-45, -1]], [[31255, 26391], [78, -4], [28, 20]], [[31364, 26384], [-53, -26], [-4, -112]], [[30648, 25932], [-106, 42]], [[30542, 25974], [27, 92]], [[30569, 26066], [77, 50], [102, 2]], [[30748, 26118], [34, -80]], [[31633, 25890], [-1, 0], [-15, 73]], [[31161, 26025], [-115, -34]], [[31046, 25991], [-35, 73]], [[30977, 26043], [31, 23]], [[31046, 25991], [-67, -25]], [[30890, 26051], [2, 66]], [[30806, 26052], [-15, 30]], [[30791, 26082], [47, 46]], [[30791, 26082], [-40, 36]], [[30751, 26118], [14, 67], [-41, 21], [1, 65], [78, 59]], [[30843, 26401], [1, -48]], [[30751, 26118], [-3, 0]], [[30569, 26066], [-15, 20], [-17, 140], [-162, 4]], [[30375, 26230], [39, 111]], [[30414, 26341], [98, 58], [74, 16], [35, 67], [38, -1]], [[30680, 25767], [-96, -57]], [[30584, 25710], [-24, 16]], [[30560, 25726], [-23, 17]], [[30537, 25743], [-27, 25], [-22, 81]], [[30488, 25849], [-1, 65], [34, 49]], [[30521, 25963], [21, 11]], [[30795, 25718], [0, -70]], [[30795, 25648], [-65, 89]], [[30795, 25648], [-50, -17]], [[30745, 25631], [-153, 19]], [[30592, 25650], [-8, 60]], [[31058, 26476], [-53, 82]]], "objects": {"pref_14": {"type": "GeometryCollection", "geometries": [{"arcs": [[21, 22, 23, 24, 25, 26]], "type": "Polygon", "properties": {"N03_001": "神奈川県", "N03_002": null, "N03_003": "横浜市", "N03_004": "鶴見区", "N03_007": "14101", "N03_EN": "YOKOHAMA SHI TSURUMI KU"}}, {"arcs": [[-25, 27, 28, 29, 30, 31]], "type": "Polygon", "properties": {"N03_001": "神奈川県", "N03_002": null, "N03_003": "横浜市", "N03_004": "神奈川区", "N03_007": "14102", "N03_EN": "YOKOHAMA SHI KANAGAWA KU"}}, {"arcs": [[-29, 32, 33, 34, 35]], "type": "Polygon", "properties": {"N03_001": "神奈川県", "N03_002": null, "N03_003": "横浜市", "N03_004": "西区", "N03_007": "14103", "N03_EN": "YOKOHAMA SHI NISHI KU"}}, {"arcs": [[-34, 36, 37, 38]], "type": "Polygon", "properties": {"N03_001": "神奈川県", "N03_002": null, "N03_003": "横浜市", "N03_004": "中区", "N03_007": "14104", "N03_EN": "YOKOHAMA SHI NAKA KU"}}, {"arcs": [[-35, -39, 39, 40, 41, 42]], "type": "Polygon", "properties": {"N03_001": "神奈川県", "N03_002": null, "N03_003": "横浜市", "N03_004": "南区", "N03_007": "14105", "N03_EN": "YOKOHAMA SHI MINAMI KU"}}, {"arcs": [[-30, -36, -43, 43, 44, 45]], "type": "Polygon", "properties": {"N03_001": "神奈川県", "N03_002": null, "N03_003": "横浜市", "N03_004": "保土ケ谷区", "N03_007": "14106",