{"type": "Topology", "transform": {"scale": [0.0005259715925207424, 0.00043289358342934705], "translate": [122.94015612240719, 24.045871946033515]}, "arcs": [[[25222, 24031], [26, 155], [-19, 30], [-81, -20]], [[25148, 24196], [-11, 65]], [[25076, 23725], [-51, 46], [-22, 61]], [[25003, 23832], [-41, 62], [50, 106]], [[25012, 24000], [119, 32], [91, -1]], [[25137, 24261], [-42, 25], [-62, -7]], [[25033, 24279], [-45, 7], [-63, 49], [-7, 47], [31, 45]], [[24949, 24427], [4, 73], [40, 57]], [[25022, 23054], [-14, 94], [21, 110]], [[25029, 23258], [-5, 63], [19, 60]], [[24560, 22701], [32, -26]], [[24603, 22785], [54, 21]], [[24837, 23017], [37, 62], [62, -3]], [[24936, 23076], [86, -22]], [[24993, 24557], [-20, 49], [-39, 12]], [[24934, 24618], [31, 27], [-30, 55]], [[25043, 23381], [-35, 65]], [[25008, 23446], [41, 35], [-9, 43], [41, 52], [-71, 115], [66, 34]], [[24329, 24731], [-15, 61]], [[24682, 24738], [-47, -55], [-14, -50], [-51, -7], [-162, 39]], [[24772, 24705], [-70, -7], [-20, 40]], [[24408, 24665], [-43, 10]], [[24365, 24675], [-36, 56]], [[24935, 24700], [-54, -74], [-77, 21], [-32, 58]], [[24314, 24792], [-32, 7]], [[24192, 24480], [-11, -66]], [[24181, 24414], [-13, -18]], [[24190, 23910], [-23, -30]], [[24208, 24616], [0, -4]], [[24168, 24396], [57, -51]], [[24225, 24345], [-17, -32]], [[24208, 24313], [-37, -55]], [[24171, 24258], [13, -14]], [[24208, 24612], [-3, -89]], [[24205, 24523], [-13, -43]], [[24254, 24713], [9, -51], [-55, -46]], [[24282, 24799], [-28, -86]], [[24184, 24244], [14, -23]], [[24198, 24221], [15, -58]], [[24213, 24163], [13, -94]], [[24226, 24069], [0, -1]], [[24226, 24068], [9, -31], [-41, -63], [28, -36]], [[24222, 23938], [-32, -28]], [[24934, 24618], [-87, -45], [-56, 18], [-51, -24], [12, -63], [38, 5], [26, -64]], [[24816, 24445], [13, -22], [-57, -68], [5, -70], [-49, 4]], [[24728, 24289], [-41, 69]], [[24687, 24358], [27, 21], [16, 73], [-101, 5], [-4, -54], [-71, 23], [-18, 43], [-41, -3]], [[24495, 24466], [-56, 56], [-76, -9], [-52, 18]], [[24311, 24531], [-22, 75], [76, 69]], [[24382, 24218], [-20, -122]], [[24362, 24096], [-6, 11]], [[24356, 24107], [-69, 87]], [[24287, 24194], [27, 27]], [[24314, 24221], [68, -3]], [[24495, 24466], [-21, -62], [-50, -33]], [[24424, 24371], [-36, 3]], [[24388, 24374], [-20, 50]], [[24368, 24424], [-67, 64]], [[24301, 24488], [10, 43]], [[24687, 24358], [-120, -97], [-68, 1]], [[24499, 24262], [-40, 82], [-28, -15]], [[24431, 24329], [-7, 5]], [[24424, 24334], [0, 37]], [[24382, 24218], [10, 13]], [[24392, 24231], [93, -1]], [[24485, 24230], [15, -112]], [[24500, 24118], [-72, -44]], [[24428, 24074], [-48, -5]], [[24380, 24069], [-18, 27]], [[24728, 24289], [-7, -46], [-106, -147], [1, -54]], [[24616, 24042], [-38, -24]], [[24578, 24018], [-78, 100]], [[24485, 24230], [14, 32]], [[24222, 23938], [119, -44]], [[24341, 23894], [55, -22]], [[24396, 23872], [4, -208], [92, -23]], [[24492, 23641], [40, -23]], [[24532, 23618], [-98, -88], [-35, 22], [-47, -21], [-5, -85], [95, -46], [91, 35], [28, -33], [58, 19], [27, -34]], [[24646, 23387], [3, -59]], [[24649, 23328], [-78, 11], [-143, -35], [-61, 45], [-81, -125], [-48, -37], [-45, 2]], [[24193, 23189], [58, 46], [23, 59], [42, 21], [-3, 51], [-72, 55], [37, 56]], [[24278, 23477], [34, 27], [-17, 99], [-71, 19]], [[24224, 23622], [-40, 128], [6, 65], [-23, 65]], [[24226, 24068], [38, 1], [92, 38]], [[24380, 24069], [4, -104]], [[24384, 23965], [-49, -41], [6, -30]], [[24301, 24488], [-3, 0]], [[24298, 24488], [-93, 35]], [[24208, 24313], [61, 7]], [[24269, 24320], [28, -51]], [[24297, 24269], [17, -48]], [[24287, 24194], [-36, 38], [-53, -11]], [[25033, 24279], [-9, -64], [-56, -118]], [[24968, 24097], [-185, -94]], [[24783, 24003], [-58, -22], [-49, 41], [-60, 20]], [[24816, 24445], [62, 17], [71, -35]], [[24298, 24488], [-20, -85]], [[24278, 24403], [-97, 11]], [[24278, 24403], [-1, -25]], [[24277, 24378], [-52, -33]], [[24368, 24424], [-29, -59]], [[24339, 24365], [-50, 4]], [[24289, 24369], [-12, 9]], [[24388, 24374], [-30, -12]], [[24358, 24362], [-19, 3]], [[24424, 24334], [-63, 2]], [[24361, 24336], [-3, 26]], [[24431, 24329], [-51, -37]], [[24380, 24292], [-21, 38]], [[24359, 24330], [2, 6]], [[24392, 24231], [-12, 61]], [[25148, 24196], [-38, -55], [-76, -15], [-48, -38]], [[24986, 24088], [-18, 9]], [[25012, 24000], [-26, 88]], [[24428, 24074], [47, -59], [64, -30]], [[24539, 23985], [-124, -25], [-31, 5]], [[24578, 24018], [-39, -33]], [[24269, 24320], [14, 20]], [[24283, 24340], [26, -63]], [[24309, 24277], [-12, -8]], [[24289, 24369], [-6, -29]], [[24309, 24277], [50, 53]], [[24783, 24003], [-73, -143]], [[24710, 23860], [-92, -81]], [[24618, 23779], [-39, 14]], [[24579, 23793], [-88, 64], [-7, 32]], [[24484, 23889], [76, 43], [-21, 53]], [[24484, 23889], [-88, -17]], [[24579, 23793], [-29, -36], [-59, -16], [1, -100]], [[24618, 23779], [46, -59], [3, -68]], [[24667, 23652], [-110, -3], [-25, -31]], [[24667, 23652], [75, -17], [36, -46], [-18, -68]], [[24760, 23521], [-34, -54], [-3, -53], [-77, -27]], [[24193, 23189], [-79, -44], [-57, 32], [-80, -25]], [[23977, 23152], [-6, 0]], [[23971, 23152], [-4, 69]], [[23967, 23221], [62, 42], [12, 56], [37, 32]], [[24078, 23351], [33, 9], [38, 58], [-14, 49], [26, 33], [56, 11], [61, -34]], [[24560, 22701], [-5, 34], [-74, 41], [-28, -22]], [[24453, 22754], [-87, -25], [-61, 42], [-73, 1], [-71, -62], [-80, 51], [23, 129], [36, -10], [-1, 91], [-28, 46], [-50, 4], [8, 47], [-36, 56], [-56, 28]], [[24649, 23328], [20, -42]], [[24669, 23286], [-47, -137], [48, -218]], [[24670, 22931], [-42, -52], [29, -73]], [[24603, 22785], [-42, -19], [46, -51], [-15, -40]], [[24837, 23017], [-36, -42], [-131, -44]], [[24669, 23286], [98, -56], [4, -81], [69, 21], [96, -94]], [[24760, 23521], [117, 16], [19, -62], [112, -29]], [[24710, 23860], [62, 15], [23, -62], [68, 4], [25, -24], [63, 2], [52, 37]]], "objects": {"pref_29": {"type": "GeometryCollection", "geometries": [{"arcs": [[-16, 43, 44, 45, 46, 47, 48, -22, -20, -21, -24]], "type": "Polygon", "properties": {"N03_001": "奈良県", "N03_002": null, "N03_003": null, "N03_004": "奈良市", "N03_007": "29201", "N03_EN": "NARA SHI"}}, {"arcs": [[49, 50, 51, 52, 53]], "type": "Polygon", "properties": {"N03_001": "奈良県", "N03_002": null, "N03_003": null, "N03_004": "大和高田市", "N03_007": "29202", "N03_EN": "YAMATOTAKADA SHI"}}, {"arcs": [[-48, 54, 55, 56, 57, 58]], "type": "Polygon", "properties": {"N03_001": "奈良県", "N03_002": null, "N03_003": null, "N03_004": "大和郡山市", "N03_007": "29203", "N03_EN": "YAMATOKORIYAMA SHI"}}, {"arcs": [[-47, 59, 60, 61, 62, -55]], "type": "Polygon", "properties": {"N03_001": "奈良県", "N03_002": null, "N03_003": null, "N03_004": "天理市", "N03_007": "29204", "N03_EN": "TENRI SHI"}}, {"arcs": [[-50, 63, 64, 65, 66, 67, 68]], "type": "Polygon", "properties": {"N03_001": "奈良県", "N03_002": null, "N03_003": null, "N03_004": "橿原市", "N03_007": "29205", "N03_EN": "KASHIHARA SHI"}}, {"arcs": [[-46, 69, 70, 71, -66, 72, -60]], "type": "Polygon", "properties": {"N03_001": "奈良県", "N03_002": null, "N03_003": null, "N03_004": "桜井市", "N03_007": "29206", "N03_EN": "SAKURAI SHI"}}, {"arcs": [[-28, -43, 73, 74, 75, 76, 77, 78, 79, 80, 81, 82]], "type": "Polygon", "properties": {"N03_001": "奈良県", "N03_002": null, "N03_003": null, "N03_004": "五條市", "N03_007": "29207", "N03_EN": "GOJO SHI"}}, {"arcs": [[-42, 83, -51, -69, 84, 85, -74]], "type": "Polygon", "properties": {"N03_001": "奈良県", "N03_002": null, "N03_003": null, "N03_004": "御所市", "N03_007": "29208", "N03_EN": "GOSE SHI"}}, {"arcs": [[-19, -23, -49, -59, 86, 87, -34, -29, -36, -37, -25]], "type": "Polygon", "properties": {"N03_001": "奈良県", "N03_002": null, "N03_003": null, "N03_004": "生駒市", "N03_007": "29209", "N03_EN": "IKOMA SHI"}}, {"arcs": [[-32, 88, 89, 90, -53, 91, -38, -33]], "type": "Polygon", "properties": {"N03_001": "奈良県", "N03_002": null, "N03_003": null, "N03_004": "香芝市", "N03_007": "29210", "N03_EN": "KASHIBA SHI"}}, {"arcs": [[-39, -92, -52, -84, -41, -40]],