{"type": "Topology", "transform": {"scale": [0.0005259715925207424, 0.00043289358342934705], "translate": [122.94015612240719, 24.045871946033515]}, "arcs": [[[33266, 37959], [-59, -8], [-36, 29], [-75, -45]], [[34308, 37841], [-111, -14]], [[34197, 37827], [-66, 6], [-59, 39], [36, 161]], [[34108, 38033], [-66, -6], [-66, -47], [-5, -68], [-86, -15], [-89, -55], [-54, -1], [-22, -33]], [[33720, 37808], [-58, -22], [-41, 49], [-65, 27]], [[32565, 37938], [-57, -19], [-71, -64], [-118, -10]], [[34312, 37767], [-9, 39]], [[34251, 37427], [-18, 24], [43, 183], [51, 41], [-15, 92]], [[34303, 37806], [5, 35]], [[32715, 37867], [-75, -5]], [[32640, 37862], [-16, 39], [-59, 37]], [[33096, 37935], [-24, -65]], [[33072, 37870], [-69, 15], [-90, -10], [-59, -24], [-76, 23], [-63, -7]], [[33556, 37862], [-109, -57], [-104, 96], [-64, -5], [-13, 63]], [[33906, 34448], [-18, 97], [39, 45]], [[34104, 36564], [-19, 87], [-25, 26], [-13, 84]], [[34047, 36761], [14, 201], [-21, 65], [63, 54], [-19, 75], [30, 53], [-45, 42], [63, 48], [24, 69], [70, 15], [25, 44]], [[33927, 34590], [39, 75], [-10, 56], [-90, 22], [33, 88], [-39, 38], [46, 63], [65, 25]], [[33947, 35938], [47, 114], [5, 82], [-54, 50], [6, 73], [42, 71], [55, 49], [-13, 27], [-104, 43], [-9, 102], [33, 32], [55, 8], [28, -31], [66, 6]], [[33971, 34957], [-82, 44], [3, 25]], [[33892, 35026], [42, 69], [-37, 33], [-97, 46], [-1, 56], [-45, 7], [18, 101], [-90, 106]], [[33682, 35444], [48, 67], [-8, 69], [40, 45]], [[33762, 35625], [35, 25], [-5, 48], [43, 51], [-11, 103]], [[33824, 35852], [45, 11], [54, 77], [24, -2]], [[33780, 34361], [47, 66], [45, 21]], [[33872, 34448], [34, 0]], [[33475, 34288], [29, -36], [90, 44], [67, -9], [50, 20], [27, 47], [42, 7]], [[32845, 36538], [67, -82], [87, 13]], [[32999, 36469], [45, -85], [38, 19], [61, 72], [54, -2]], [[33197, 36473], [58, -34], [54, 6], [39, -60]], [[33348, 36385], [67, -113], [-36, -56]], [[33379, 36216], [-94, -43], [-53, 23], [-89, -51], [-47, -4], [-106, -82], [-15, -70], [-97, -151], [36, -108], [44, -49], [12, -56], [-24, -42]], [[32946, 35583], [-87, 42], [11, 53], [-91, 30], [-62, 154], [-49, 0], [-44, 36], [-76, 27]], [[32548, 35925], [7, 131], [-7, 153], [-25, 67], [6, 57], [-29, 70]], [[32500, 36403], [41, 6], [1, 103], [98, -22], [149, 14], [22, 27]], [[32811, 36531], [34, 7]], [[32732, 37719], [71, -55], [3, -71], [43, -81], [-9, -37], [36, -48], [84, -14]], [[32960, 37413], [-5, -105], [-35, -31], [3, -71], [-26, -93], [21, -94]], [[32918, 37019], [-33, -55]], [[32885, 36964], [-89, 47], [-29, 70], [26, 71], [-127, 1], [-24, 31], [-77, 34], [-94, -73], [-88, -1]], [[32383, 37144], [37, 117], [-16, 18], [40, 94], [21, 93]], [[32465, 37466], [97, 10], [49, -27], [74, 10], [19, 74], [-13, 102], [41, 84]], [[33892, 35026], [-142, -47], [-51, 49], [-50, -11], [-33, -44], [127, -108], [-11, -107]], [[33732, 34758], [-98, 30], [-58, 182], [-61, 22], [-89, -12], [-24, 51], [-120, 13]], [[33282, 35044], [-83, 102], [-76, 0], [-29, -23]], [[33094, 35123], [-32, 26], [24, 77], [-27, 107], [-98, 78], [83, 17]], [[33044, 35428], [48, 17], [149, 24], [71, 21], [-1, -101], [54, 41]], [[33365, 35430], [70, -59], [88, 52], [114, -4], [45, 25]], [[33720, 37808], [14, -93], [37, -28], [34, -67], [-18, -24], [27, -74]], [[33814, 37522], [-8, -85], [15, -135], [-53, 1], [6, -76], [64, -17], [-4, -49], [-37, -48], [1, -77], [-38, -70]], [[33760, 36966], [-13, 51], [-100, 48], [-71, -9], [2, 81], [-156, 58], [-56, 47], [-41, 127], [6, 43], [-97, 30], [-83, 153], [-2, 54], [-43, 25]], [[33106, 37674], [-35, 72], [1, 124]], [[32176, 36602], [-81, -74], [-50, 21], [-64, -13], [-46, 43], [-4, 57], [-41, 31], [-38, 178], [57, -33], [80, -15], [61, -42], [90, 32], [53, 42], [97, 121], [41, 73]], [[32331, 37023], [32, -36]], [[32363, 36987], [-61, -79], [25, -50], [-32, -112], [95, -58]], [[32390, 36688], [-43, -69], [27, -41]], [[32374, 36578], [-82, 44], [-52, 7], [-64, -27]], [[33475, 34288], [-22, 27], [-78, -4]], [[33375, 34311], [-4, 8]], [[33371, 34319], [-58, 42], [-23, 58]], [[33290, 34419], [3, 60], [-37, 47], [-109, 9], [-25, 66], [-61, 24]], [[33061, 34625], [24, 113]], [[33085, 34738], [96, 49], [73, 136], [56, 27], [-28, 94]], [[33732, 34758], [3, -63], [42, -35], [19, -126], [76, -86]], [[34047, 36761], [-69, 38], [-58, -27], [-93, 82]], [[33827, 36854], [-48, 59], [-19, 53]], [[33814, 37522], [80, -11], [3, 43], [46, 50], [-1, 61], [59, 79], [9, 83], [45, -26], [70, -3], [72, 29]], [[32946, 35583], [18, -58], [53, -18], [-33, -52], [60, -27]], [[33094, 35123], [-164, -36], [-73, -39], [33, -56], [77, -70], [44, -69], [27, -74], [47, -41]], [[33061, 34625], [-35, -49], [-93, 49], [-66, -18], [-51, 20], [1, 55], [-95, -24]], [[32722, 34658], [-92, 79], [-76, 22]], [[32554, 34759], [0, 94]], [[32554, 34853], [2, 65], [-40, 30], [30, 120], [-39, 76], [-69, 42], [-41, 82]], [[32397, 35268], [32, 67], [47, 147], [45, 215], [27, 228]], [[32500, 36403], [-28, 60], [-98, 115]], [[32390, 36688], [75, -19]], [[32465, 36669], [34, -32], [102, -1], [54, -67], [102, -49], [54, 11]], [[33762, 35625], [-70, 62], [-42, 8], [-150, -34], [-11, -58], [-79, -49], [-5, -73], [-40, -51]], [[33379, 36216], [7, -60], [-17, -75], [-34, -40], [-8, -105], [58, -39], [14, -61], [43, -19], [45, 78], [157, -35], [113, 45], [67, -53]], [[33197, 36473], [-45, 169], [-32, 47], [-15, 98], [45, 43], [-46, 74], [51, 67], [-9, 92], [-138, -16], [-24, -30], [-66, 2]], [[32960, 37413], [64, 31], [27, 45], [-2, 63], [57, 122]], [[33827, 36854], [-33, -6], [-44, -69], [-61, -61], [-57, -31], [-8, -87], [-81, 11], [-86, -31], [-1, -46], [-52, -49], [14, -54], [-70, -46]], [[32554, 34853], [-104, -24], [-26, -41], [-88, 27], [-149, 3]], [[32187, 34818], [29, 35], [38, 111], [-23, 53], [42, 102], [-10, 24], [40, 70], [67, 13], [27, 42]], [[32999, 36469], [-8, 218], [-51, 24], [-34, 52], [5, 54], [-29, 55]], [[32882, 36872], [19, 50], [-16, 42]], [[32732, 37719], [15, 24], [-121, 76], [14, 43]], [[32882, 36872], [-146, 7], [-71, -74]], [[32665, 36805], [-60, -9], [-40, 28]], [[32565, 36824], [5, 123], [-23, 50], [-140, 73], [-12, -61], [-32, -22]], [[32331, 37023], [52, 121]], [[32465, 37466], [20, 171], [-25, 76], [-63, 38], [-78, 94]], [[32535, 36707], [12, -7]], [[32547, 36700], [-82, -31]], [[32465, 36669], [54, 48]], [[32519, 36717], [16, -10]], [[32845, 36538], [2, 34], [-114, 29], [-45, 61], [-50, 26], [-90, 13]], [[32548, 36701], [64, 27], [53, 77]], [[32548, 36701], [-1, -1]], [[32519, 36717], [46, 107]]], "objects": {"pref_5": {"type": "GeometryCollection", "geometries": [{"arcs": [[27, 28, 29, 30, 31, 32, 33, 34, 35]], "type": "Polygon", "properties": {"N03_001": "秋田県", "N03_002": null, "N03_003": null, "N03_004": "秋田市", "N03_007": "05201", "N03_EN": "AKITA SHI"}}, {"arcs": [[36, 37, 38, 39, 40, 41]], "type": "Polygon", "properties": {"N03_001": "秋田県", "N03_002": null, "N03_003": null, "N03_004": "能代市", "N03_007": "05202", "N03_EN": "NOSHIRO SHI"}}, {"arcs": [[-21, 42, 43, 44, 45, 46, 47]], "type": "Polygon", "properties": {"N03_001": "秋田県", "N03_002": null, "N03_003": null, "N03_004": "横手市", "N03_007": "05203", "N03_EN": "YOKOTE SHI"}}, {"arcs": [[-1, -14, -5, 48, 49, 50, 51, -12]], "type": "Polygon", "properties": {"N03_001": "秋田県", "N03_002": null, "N03_003": null, "N03_004": "大館市", "N03_007": "05204", "N03_EN": "ODATE SHI"}}, {"arcs": [[52, 53, 54, 55, 56]], "type": "Polygon", "properties": {"N03_001": "秋田県", "N03_002": null, "N03_003": null, "N03_004": "男鹿市", "N03_007": "05206", "N03_EN": "OGA SHI"}}, {"arcs": [[-25, -27, 57, 58, 59, 60, 61, 62, -44, 63]], "type": "Polygon", "properties": {"N03_001": "秋田県", "N03_002": null, "N03_003": null, "N03_004": "湯沢市", "N03_007": "05207", "N03_EN": "YUZAWA SHI"}}, {"arcs": [[-2, -9, -7, -8, -17, 64, 65, -50, 66]], "type": "Polygon", "properties": {"N03_001": "秋田県", "N03_002": null, "N03_003": null, "N03_004": "鹿角市", "N03_007": "05209", "N03_EN": "KAZUNO SHI"}}, {"arcs": [[-33, 67, -46, 68, -62, 69, 70, 71, 72, 73]], "type": "Polygon",