{"type": "Topology", "transform": {"scale": [0.0005259715925207424, 0.00043289358342934705], "translate": [122.94015612240719, 24.045871946033515]}, "arcs": [[[31281, 29718], [-77, 12], [-19, 27], [-71, -4], [-70, 30], [-69, 4]], [[31554, 28265], [-69, -13]], [[31485, 28252], [-69, -10], [-39, 39]], [[31377, 28281], [-53, 63], [14, 38], [-100, 78]], [[31238, 28460], [-18, 41], [87, 143]], [[31797, 28093], [-11, 56], [-79, 99]], [[31307, 28644], [57, 47], [-36, 66], [63, 127]], [[31391, 28884], [60, 66]], [[31707, 28248], [-52, -13]], [[31655, 28235], [-54, -3], [-47, 33]], [[31451, 28950], [-33, 65]], [[31418, 29015], [-73, -12], [-27, 16], [-115, 16], [-45, 43]], [[31158, 29078], [16, 135], [37, 35], [27, 87], [-33, 67]], [[31205, 29402], [40, 24], [7, 47], [55, 52], [-103, 51], [11, 53], [66, 89]], [[30901, 28907], [-9, -77], [43, -115], [29, -168]], [[30964, 28547], [-123, -153], [-48, -7]], [[30793, 28387], [-83, -23]], [[30710, 28364], [-45, 65], [-73, 51], [-19, 86], [-35, 17]], [[30538, 28583], [0, 18]], [[30538, 28601], [40, -23], [34, 80]], [[30612, 28658], [66, 98], [178, 156]], [[30856, 28912], [45, -5]], [[30780, 28269], [-42, -51]], [[30738, 28218], [6, 48]], [[30744, 28266], [36, 3]], [[30710, 28364], [7, -83]], [[30717, 28281], [-77, -9], [-73, -118], [-69, -64], [-73, -15]], [[30425, 28075], [29, 69], [-27, 89]], [[30427, 28233], [11, 78]], [[30438, 28311], [-21, 98], [-155, 70], [-27, -8], [-125, 48], [-48, 35], [-131, 21], [-66, -19]], [[29865, 28556], [-7, 9]], [[29858, 28565], [20, 93]], [[29878, 28658], [61, 50], [68, 20], [196, -21], [98, 23]], [[30301, 28730], [60, -26]], [[30361, 28704], [-3, -33], [80, -64], [25, -40], [75, 16]], [[31238, 28460], [-55, -12], [-53, 39]], [[31130, 28487], [3, 45], [-60, 39], [21, 71], [44, 42], [31, 66], [48, 47], [81, 28], [53, 68], [40, -9]], [[30901, 28907], [-4, 21], [127, 53], [76, 8]], [[31100, 28989], [40, -79], [-42, -62], [-26, -95], [-89, -56], [51, -36], [15, -84], [-29, -20]], [[31020, 28557], [-56, -10]], [[31020, 28557], [33, -91]], [[31053, 28466], [-22, -88], [23, -109], [-2, -79]], [[31052, 28190], [-55, -11]], [[30997, 28179], [-138, 68]], [[30859, 28247], [-54, 85], [-12, 55]], [[31377, 28281], [-17, -48]], [[31360, 28233], [-54, 20], [-32, -23], [-12, -66]], [[31262, 28164], [-47, 36], [-58, -31]], [[31157, 28169], [-105, 21]], [[31053, 28466], [77, 21]], [[31158, 29078], [-43, -41], [-15, -48]], [[30856, 28912], [-15, 18]], [[30841, 28930], [-36, 121], [-49, 86], [-84, -26], [-57, -88], [29, -54]], [[30644, 28969], [-102, -8], [-17, 20]], [[30525, 28981], [-19, 123]], [[30506, 29104], [85, 89], [-22, 89], [28, 46], [-16, 66], [65, 53], [118, 2]], [[30764, 29449], [-70, -126], [-1, -124], [115, 2], [100, 71]], [[30908, 29272], [67, 58], [73, -4], [56, 43], [101, 33]], [[31655, 28235], [-30, -69], [13, -47]], [[31638, 28119], [-132, -2], [-62, -13]], [[31444, 28104], [-30, 29]], [[31414, 28133], [47, 2], [24, 117]], [[30612, 28658], [-43, -2], [-117, 54], [-53, -9]], [[30399, 28701], [-38, 3]], [[30301, 28730], [27, 44], [58, 26], [42, 86], [-63, 1], [-28, 26]], [[30337, 28913], [46, 56]], [[30383, 28969], [94, -13], [48, 25]], [[30644, 28969], [197, -39]], [[30738, 28218], [-21, -53]], [[30717, 28165], [-76, -134], [8, -65], [-35, -55], [-51, 13], [-74, -39]], [[30489, 27885], [-32, 16]], [[30457, 27901], [-1, 48], [-82, 16], [-77, -26], [-20, 26], [-104, -24]], [[30173, 27941], [31, 38]], [[30204, 27979], [110, 24], [55, 58], [56, 14]], [[30717, 28281], [27, -15]], [[30427, 28233], [-42, -18], [-40, -78], [-43, -13], [-89, -97]], [[30213, 28027], [-3, 78], [20, 61], [-108, -27], [-83, 145]], [[30039, 28284], [31, 31], [107, -21], [86, -41], [85, 30], [21, 37], [69, -9]], [[30039, 28284], [-66, -23], [-91, 16], [-7, 38]], [[29875, 28315], [-10, 241]], [[30399, 28701], [121, -44], [18, -56]], [[30209, 27710], [-2, -9]], [[30207, 27701], [-71, -19], [-69, 12], [-20, -56], [-60, -57]], [[29987, 27581], [-45, 14]], [[29942, 27595], [-109, 85]], [[29833, 27680], [24, 49], [-25, 97]], [[29832, 27826], [27, 65]], [[29859, 27891], [80, 19], [104, -21], [56, 32]], [[30099, 27921], [19, -68], [35, -13], [56, -130]], [[30457, 27901], [-6, -42], [-48, -41]], [[30403, 27818], [-64, 6], [-98, -56], [-32, -58]], [[30099, 27921], [-12, 64]], [[30087, 27985], [19, -50], [67, 6]], [[30087, 27985], [-10, 61], [-99, 64], [-50, -42], [-85, 18]], [[29843, 28086], [-47, 58], [-22, 114]], [[29774, 28258], [101, 57]], [[30213, 28027], [-9, -48]], [[29859, 27891], [-21, 33], [-64, 4], [-44, 75]], [[29730, 28003], [114, 15], [-1, 68]], [[30337, 28913], [-63, 44], [-71, 4], [-85, -17], [-68, 45], [-92, 0], [-30, -46]], [[29928, 28943], [-87, -37], [-74, 54]], [[29767, 28960], [-4, 38], [68, 35], [-56, 68], [-78, 21], [-66, -3]], [[29631, 29119], [17, 35]], [[29648, 29154], [-27, 60], [45, 26], [187, 46]], [[29853, 29286], [103, 34]], [[29956, 29320], [32, 2], [27, 58], [118, -45]], [[30133, 29335], [26, -60], [41, -38], [4, -88], [127, -16]], [[30331, 29133], [-1, -104], [53, -60]], [[29858, 28565], [-70, 27], [-70, -8]], [[29718, 28584], [7, 160], [-18, 47], [59, 43], [-23, 91]], [[29743, 28925], [24, 35]], [[29928, 28943], [62, -19], [16, -54], [-78, -55], [-59, 3], [-20, -38], [0, -77], [29, -45]], [[29718, 28584], [-58, -39], [-39, 9]], [[29621, 28554], [-25, 17]], [[29596, 28571], [-34, -30], [-59, 24]], [[29503, 28565], [-2, 20], [-106, 34]], [[29395, 28619], [-8, 129], [29, 117]], [[29416, 28865], [32, 34], [-16, 49], [40, 77]], [[29472, 29025], [33, 56], [126, 38]], [[29631, 29119], [27, -49], [3, -70], [82, -75]], [[30331, 29133], [72, 11], [103, -40]], [[30908, 29272], [-4, 37], [-69, 15], [3, 85], [-40, 62]], [[30798, 29471], [38, 48], [70, 32], [-1, 41], [-80, 39], [36, 35], [7, 58], [-17, 89], [25, 30]], [[30876, 29843], [99, -56]], [[30764, 29449], [34, 22]], [[30133, 29335], [54, 39], [22, 78], [96, 68], [94, 18], [-23, 87], [29, 54]], [[30405, 29679], [89, -6], [-29, 142], [11, 67], [115, 5], [116, 84], [11, 89]], [[30718, 30060], [49, -27], [17, -49], [91, -81], [1, -60]], [[30859, 28247], [-3, 2]], [[30856, 28249], [-76, 20]], [[31797, 28093], [-87, -40], [-17, 16]], [[31693, 28069], [-42, 31]], [[31651, 28100], [-13, 19]], [[31651, 28100], [-100, -40], [-75, -1]], [[31476, 28059], [-4, -1]], [[31472, 28058], [-28, 46]], [[31472, 28058], [-94, 11]], [[31378, 28069], [-52, 49]], [[31326, 28118], [21, 63]], [[31347, 28181], [67, -48]], [[31360, 28233], [-13, -52]], [[31326, 28118], [-64, 46]]], "objects": {"pref_10": {"type": "GeometryCollection", "geometries": [{"arcs": [[14, 15, 16, 17, 18, 19, 20, 21]], "type": "Polygon", "properties": {"N03_001": "群馬県", "N03_002": null, "N03_003": null, "N03_004": "前橋市", "N03_007": "10201", "N03_EN": "MAEBASHI SHI"}}, {"arcs": [[[22, 23, 24]], [[-18, 25, 26, 27, 28, 29, 30, 31, 32, 33, 34]]], "type": "MultiPolygon", "properties": {"N03_001": "群馬県", "N03_002": null, "N03_003": null, "N03_004": "高崎市", "N03_007": "10202", "N03_EN": "TAKASAKI SHI"}}, {"arcs": [[[-5, 35, 36, -7]], [[-15, 37, 38, 39]]], "type": "MultiPolygon", "properties": {"N03_001": "群馬県", "N03_002": null, "N03_003": null, "N03_004": "桐生市", "N03_007": "10203", "N03_EN": "KIRYU SHI"}}, {"arcs": [[-16, -40, 40, 41, 42, 43, 44]], "type": "Polygon", "properties": {"N03_001": "群馬県", "N03_002": null, "N03_003": null, "N03_004": "伊勢崎市", "N03_007": "10204", "N03_EN": "ISESAKI SHI"}}, {"arcs": [[-4, 45, 46, 47, 48, -42, 49, -36]], "type": "Polygon", "properties": {"N03_001": "群馬県", "N03_002": null, "N03_003": null, "N03_004": "太田市", "N03_007": "10205", "N03_EN": "OTA SHI"}}, {"arcs": [[-13, 50, -38, -22, 51, 52, 53, 54, 55, 56, 57]], "type": "Polygon", "properties": {"N03_001": "群馬県", "N03_002": null, "N03_003": null, "N03_004": "沼田市", "N03_007": "10206", "N03_EN": "NUMATA SHI"}}, {"arcs": [[-2, -10, 58, 59, 60, 61]], "type": "Polygon", "properties": {"N03_001": "群馬県", "N03_002": null, "N03_003": null, "N03_004": "館林市", "N03_007": "10207",