{"type": "Topology", "transform": {"scale": [0.0005259715925207424, 0.00043289358342934705], "translate": [122.94015612240719, 24.045871946033515]}, "arcs": [[[23853, 26341], [-30, 13]], [[23823, 26354], [-23, 34], [34, 48], [-50, 71], [20, 64], [50, 22]], [[24390, 26127], [-94, -2], [-35, -27], [-111, 54], [-205, 24]], [[23945, 26176], [-14, 95], [-78, 70]], [[24935, 24700], [-48, 41], [-15, 82]], [[24722, 25023], [-14, 31], [-69, -47], [-63, 48]], [[24576, 25055], [23, 128]], [[24599, 25183], [-29, 29]], [[24570, 25212], [-12, 46], [-70, 76]], [[24488, 25334], [27, 21], [-35, 59], [36, 19], [40, 240], [-17, 7], [-31, 139], [27, 89], [30, 50]], [[24872, 24823], [12, 64]], [[24884, 24887], [-44, 55], [-64, -11], [-48, 31]], [[24728, 24962], [-6, 61]], [[24565, 25958], [-50, -20], [-44, 91], [-30, 18]], [[24441, 26047], [-51, 80]], [[24344, 25651], [-12, -42], [10, -82], [54, -79], [-4, -68]], [[24392, 25380], [-69, -24]], [[24323, 25356], [-12, 1]], [[24311, 25357], [-31, 85], [-80, 55], [-35, 42], [38, 50], [8, 95], [94, 17], [39, -50]], [[24392, 25380], [4, -37]], [[24396, 25343], [-73, 13]], [[24488, 25334], [-56, -12]], [[24432, 25322], [-36, 5]], [[24396, 25327], [0, 16]], [[24344, 25651], [55, 16], [4, 50], [-36, 40], [12, 44], [-15, 68], [-50, 16], [-2, 38]], [[24312, 25923], [16, 46], [57, 4], [56, 74]], [[24396, 25327], [0, -13]], [[24396, 25314], [-74, -18]], [[24322, 25296], [-11, 61]], [[24432, 25322], [-5, -83]], [[24427, 25239], [-45, 3]], [[24382, 25242], [6, 21]], [[24388, 25263], [8, 51]], [[24388, 25263], [-77, 9]], [[24311, 25272], [11, 24]], [[24382, 25242], [-88, -71]], [[24294, 25171], [-25, 49]], [[24269, 25220], [20, 38]], [[24289, 25258], [22, 14]], [[24289, 25258], [-51, 66], [-93, 35]], [[24145, 25359], [-42, 43], [8, 52], [-60, 29], [14, 39]], [[24065, 25522], [-13, 69], [-60, 30], [4, 45], [67, 106], [5, 52], [58, 26], [48, 62], [65, -18], [73, 29]], [[24599, 25183], [-51, 22], [-13, -50], [-65, 3], [-40, -45], [-55, -21]], [[24375, 25092], [-55, -8], [-6, -45], [8, -16], [-1, -8]], [[24321, 25015], [-55, 55]], [[24266, 25070], [6, 22]], [[24272, 25092], [15, 49]], [[24287, 25141], [7, 30]], [[24427, 25239], [10, -49], [81, 45], [52, -23]], [[24269, 25220], [-19, -39]], [[24250, 25181], [-98, -39]], [[24152, 25142], [-29, 9]], [[24123, 25151], [-33, 14], [5, 73]], [[24095, 25238], [47, 22], [16, 62], [-13, 37]], [[23232, 26356], [28, -62], [58, -9], [46, -65]], [[23364, 26220], [-39, -8], [-8, -46], [-60, -64], [32, -14], [25, -127], [84, -47], [86, 4], [50, 19]], [[23534, 25937], [10, -44], [-66, -47], [20, -32], [-19, -111]], [[23479, 25703], [-109, 11], [-14, -31]], [[23356, 25683], [-34, -8], [-38, 69], [-9, 59], [-36, 10], [-11, 95], [-91, 12], [-79, -67], [-35, 57], [-74, 18], [-6, 36], [-133, 51]], [[22810, 26015], [-39, 75], [11, 118], [22, 38]], [[22804, 26246], [22, 13], [85, -64], [110, 50], [2, 101]], [[23023, 26346], [85, -16], [58, 60]], [[23166, 26390], [66, -34]], [[23823, 26354], [-50, -52], [-67, -9], [1, -66], [-34, -39], [-62, 33], [-92, -32], [-28, 32], [-127, -1]], [[23232, 26356], [28, 4], [114, 125], [38, -1], [56, -48], [9, 61]], [[23477, 26497], [127, -32], [-36, 82], [102, 43], [71, 43], [43, 46], [46, -88], [24, 2]], [[23335, 26896], [-95, -80], [-9, -47], [42, -64]], [[23273, 26705], [-67, -51], [-27, -60], [-148, -61], [-32, 13]], [[22999, 26546], [-83, -7], [-57, -46], [-63, -7], [-21, 62], [-72, 59], [-35, 53], [21, 79], [-12, 86]], [[22677, 26825], [106, -27], [75, 36], [45, 69], [82, -1], [106, 79], [-1, 31], [118, 25], [94, 40], [70, 5]], [[23372, 27082], [-25, -54], [-43, -33], [-16, -52], [47, -47]], [[23945, 26176], [-66, -40], [-3, -41]], [[23876, 26095], [-133, 0], [-83, -63], [-33, -53], [-66, -48], [-27, 6]], [[24576, 25055], [-70, -63]], [[24506, 24992], [0, -11]], [[24506, 24981], [-133, 20]], [[24373, 25001], [2, 91]], [[23166, 26390], [51, 91], [30, 22], [-54, 77], [62, 35], [18, 90]], [[23335, 26896], [48, -9], [54, 22], [13, -63]], [[23450, 26846], [-41, -42], [-15, -66], [-58, -52], [-47, -72], [34, -10], [75, 44], [-20, -73], [99, -78]], [[24095, 25238], [-96, -41], [34, -38], [-15, -47]], [[24018, 25112], [-90, 28]], [[23928, 25140], [-78, 43]], [[23850, 25183], [-5, 110], [-87, 31], [-104, 4], [1, 48]], [[23655, 25376], [83, -6], [56, 31], [41, 70], [94, -34], [58, 16], [-9, 47], [34, 38], [53, -16]], [[24506, 24981], [7, -4]], [[24513, 24977], [27, -77]], [[24540, 24900], [-108, -8]], [[24432, 24892], [-72, 64]], [[24360, 24956], [-6, 44]], [[24354, 25000], [19, 1]], [[24287, 25141], [-37, 40]], [[24272, 25092], [-75, -9]], [[24197, 25083], [-45, 59]], [[24321, 25015], [33, -15]], [[24360, 24956], [-46, 3], [-19, -43]], [[24295, 24916], [-51, 50], [-23, 64]], [[24221, 25030], [6, 15]], [[24227, 25045], [39, 25]], [[24432, 24892], [19, -73]], [[24451, 24819], [-77, -24], [-45, -64]], [[24329, 24731], [-15, 61]], [[24314, 24792], [34, 53], [-29, 50], [-15, 8], [-9, 13]], [[23655, 25376], [-20, 33]], [[23635, 25409], [10, 48], [43, 23], [-15, 51]], [[23673, 25531], [55, 15], [49, 51], [30, 134], [-30, 19], [28, 211], [37, 66], [41, 25], [-7, 43]], [[24578, 24849], [26, -67], [61, -21]], [[24665, 24761], [17, -23]], [[24682, 24738], [-47, -55], [-14, -50], [-51, -7], [-162, 39]], [[24408, 24665], [15, 59], [42, 28], [-14, 67]], [[24451, 24819], [127, 30]], [[24227, 25045], [-30, 38]], [[24506, 24992], [7, -15]], [[24540, 24900], [26, -26]], [[24566, 24874], [12, -25]], [[24728, 24962], [-43, -43], [-119, -45]], [[24665, 24761], [51, 18], [22, 59]], [[24738, 24838], [51, -38], [-17, -95]], [[24772, 24705], [-70, -7], [-20, 40]], [[24884, 24887], [-64, 15], [-78, -42], [-4, -22]], [[24408, 24665], [-43, 10]], [[24365, 24675], [-36, 56]], [[24935, 24700], [-54, -74], [-77, 21], [-32, 58]], [[23673, 25531], [-18, 73], [-74, 14], [-31, 31], [-63, -18], [-8, 72]], [[23372, 27082], [77, -69], [26, -73], [41, -33], [-66, -61]], [[23023, 26346], [-18, 71], [-6, 129]]], "objects": {"pref_26": {"type": "GeometryCollection", "geometries": [{"arcs": [[15, 16, 17, 18]], "type": "Polygon", "properties": {"N03_001": "京都府", "N03_002": null, "N03_003": "京都市", "N03_004": "北区", "N03_007": "26101", "N03_EN": "KYOTO SHI KITA KU"}}, {"arcs": [[-17, 19, 20]], "type": "Polygon", "properties": {"N03_001": "京都府", "N03_002": null, "N03_003": "京都市", "N03_004": "上京区", "N03_007": "26102", "N03_EN": "KYOTO SHI KAMIGYO KU"}}, {"arcs": [[-10, 21, 22, 23, -20, -16, 24, 25, -14]], "type": "Polygon", "properties": {"N03_001": "京都府", "N03_002": null, "N03_003": "京都市", "N03_004": "左京区", "N03_007": "26103", "N03_EN": "KYOTO SHI SAKYO KU"}}, {"arcs": [[-18, -21, -24, 26, 27, 28]], "type": "Polygon", "properties": {"N03_001": "京都府", "N03_002": null, "N03_003": "京都市", "N03_004": "中京区", "N03_007": "26104", "N03_EN": "KYOTO SHI NAKAGYO KU"}}, {"arcs": [[-23, 29, 30, 31, 32, -27]], "type": "Polygon", "properties": {"N03_001": "京都府", "N03_002": null, "N03_003": "京都市", "N03_004": "東山区", "N03_007": "26105", "N03_EN": "KYOTO SHI HIGASHIYAMA KU"}}, {"arcs": [[-28, -33, 33, 34]], "type": "Polygon", "properties": {"N03_001": "京都府", "N03_002": null, "N03_003": "京都市", "N03_004": "下京区", "N03_007": "26106", "N03_EN": "KYOTO SHI SHIMOGYO KU"}}, {"arcs": [[-32, 35, 36, 37, 38, -34]], "type": "Polygon", "properties": {"N03_001": "京都府", "N03_002": null, "N03_003": "京都市", "N03_004": "南区", "N03_007": "26107", "N03_EN": "KYOTO SHI MINAMI KU"}}, {"arcs": [[-19, -29, -35, -39, 39, 40, 41, -25]], "type": "Polygon", "properties": {"N03_001": "京都府", "N03_002": null, "N03_003": "京都市", "N03_004": "右京区", "N03_007": "26108", "N03_EN": "KYOTO SHI UKYO KU"}}, {"arcs": [[-8, 42, 43, 44, 45, 46, 47, -36, -31, 48]], "type": "Polygon", "properties": {"N03_001": "京都府", "N03_002": null, "N03_003": "京都市", "N03_004": "伏見区", "N03_007": "26109", "N03_EN": "KYOTO SHI FUSHIMI KU"}}, {"arcs": [[-9, -49, -30, -22]], "type": "Polygon", "properties": {"N03_001": "京都府", "N03_002": null, "N03_003": "京都市", "N03_004": "山科区", "N03_007": "26110",